[{"model": "admin.logentry", "pk": 1, "fields": {"action_time": "2021-06-02T15:31:04.690Z", "user": 1, "content_type": 7, "object_id": "1", "object_repr": "silverdollar.example.com", "action_flag": 2, "change_message": "[{\"changed\": {\"fields\": [\"Domain name\", \"Display name\"]}}]"}}, {"model": "admin.logentry", "pk": 2, "fields": {"action_time": "2021-06-02T16:15:54.050Z", "user": 1, "content_type": 8, "object_id": "1", "object_repr": "zink@zink.com", "action_flag": 1, "change_message": "[{\"added\": {}}]"}}, {"model": "admin.logentry", "pk": 3, "fields": {"action_time": "2021-06-06T15:48:12.260Z", "user": 1, "content_type": 13, "object_id": "1", "object_repr": "cakes", "action_flag": 1, "change_message": "[{\"added\": {}}]"}}, {"model": "admin.logentry", "pk": 4, "fields": {"action_time": "2021-06-06T15:48:43.240Z", "user": 1, "content_type": 13, "object_id": "2", "object_repr": "cheese_cakes", "action_flag": 1, "change_message": "[{\"added\": {}}]"}}, {"model": "admin.logentry", "pk": 5, "fields": {"action_time": "2021-06-06T15:49:24.884Z", "user": 1, "content_type": 13, "object_id": "3", "object_repr": "deserts", "action_flag": 1, "change_message": "[{\"added\": {}}]"}}, {"model": "admin.logentry", "pk": 6, "fields": {"action_time": "2021-06-06T15:54:03.347Z", "user": 1, "content_type": 13, "object_id": "4", "object_repr": "occasion_cakes", "action_flag": 1, "change_message": "[{\"added\": {}}]"}}, {"model": "admin.logentry", "pk": 7, "fields": {"action_time": "2021-06-06T15:54:16.999Z", "user": 1, "content_type": 13, "object_id": "5", "object_repr": "buns", "action_flag": 1, "change_message": "[{\"added\": {}}]"}}, {"model": "admin.logentry", "pk": 8, "fields": {"action_time": "2021-06-06T15:54:28.065Z", "user": 1, "content_type": 13, "object_id": "6", "object_repr": "cookies", "action_flag": 1, "change_message": "[{\"added\": {}}]"}}, {"model": "admin.logentry", "pk": 9, "fields": {"action_time": "2021-06-06T15:56:17.739Z", "user": 1, "content_type": 13, "object_id": "7", "object_repr": "donuts", "action_flag": 1, "change_message": "[{\"added\": {}}]"}}, {"model": "admin.logentry", "pk": 10, "fields": {"action_time": "2021-06-06T16:17:30.592Z", "user": 1, "content_type": 13, "object_id": "8", "object_repr": "eclairs_creamcakes_treats", "action_flag": 1, "change_message": "[{\"added\": {}}]"}}, {"model": "admin.logentry", "pk": 11, "fields": {"action_time": "2021-06-06T16:17:47.658Z", "user": 1, "content_type": 13, "object_id": "9", "object_repr": "muffins", "action_flag": 1, "change_message": "[{\"added\": {}}]"}}, {"model": "admin.logentry", "pk": 12, "fields": {"action_time": "2021-06-06T16:20:25.787Z", "user": 1, "content_type": 13, "object_id": "10", "object_repr": "breakfast_selection", "action_flag": 1, "change_message": "[{\"added\": {}}]"}}, {"model": "admin.logentry", "pk": 13, "fields": {"action_time": "2021-06-06T16:21:20.474Z", "user": 1, "content_type": 13, "object_id": "11", "object_repr": "creamcake_selection", "action_flag": 1, "change_message": "[{\"added\": {}}]"}}, {"model": "admin.logentry", "pk": 14, "fields": {"action_time": "2021-06-06T16:21:47.705Z", "user": 1, "content_type": 13, "object_id": "12", "object_repr": "vegan", "action_flag": 1, "change_message": "[{\"added\": {}}]"}}, {"model": "admin.logentry", "pk": 15, "fields": {"action_time": "2021-06-06T16:26:33.109Z", "user": 1, "content_type": 13, "object_id": "13", "object_repr": "tray_bakes", "action_flag": 1, "change_message": "[{\"added\": {}}]"}}, {"model": "admin.logentry", "pk": 16, "fields": {"action_time": "2021-06-06T16:34:25.994Z", "user": 1, "content_type": 14, "object_id": "1", "object_repr": "Chocolate Berry Cake", "action_flag": 1, "change_message": "[{\"added\": {}}]"}}, {"model": "admin.logentry", "pk": 17, "fields": {"action_time": "2021-06-06T16:47:50.861Z", "user": 1, "content_type": 14, "object_id": "2", "object_repr": "Pink Birthday Cake", "action_flag": 1, "change_message": "[{\"added\": {}}]"}}, {"model": "admin.logentry", "pk": 18, "fields": {"action_time": "2021-06-06T16:50:12.879Z", "user": 1, "content_type": 14, "object_id": "3", "object_repr": "Berry Cheesecake", "action_flag": 1, "change_message": "[{\"added\": {}}]"}}, {"model": "admin.logentry", "pk": 19, "fields": {"action_time": "2021-06-06T16:52:06.711Z", "user": 1, "content_type": 14, "object_id": "4", "object_repr": "Cookie Selection", "action_flag": 1, "change_message": "[{\"added\": {}}]"}}, {"model": "admin.logentry", "pk": 20, "fields": {"action_time": "2021-06-06T16:53:58.554Z", "user": 1, "content_type": 14, "object_id": "5", "object_repr": "Elegant Wedding Cake", "action_flag": 1, "change_message": "[{\"added\": {}}]"}}, {"model": "admin.logentry", "pk": 21, "fields": {"action_time": "2021-06-06T17:49:45.253Z", "user": 1, "content_type": 14, "object_id": "1", "object_repr": "Chocolate Berry Cake", "action_flag": 2, "change_message": "[{\"changed\": {\"fields\": [\"Image\"]}}]"}}, {"model": "admin.logentry", "pk": 22, "fields": {"action_time": "2021-06-06T17:50:58.522Z", "user": 1, "content_type": 14, "object_id": "5", "object_repr": "Elegant Wedding Cake", "action_flag": 2, "change_message": "[{\"changed\": {\"fields\": [\"Image\"]}}]"}}, {"model": "admin.logentry", "pk": 23, "fields": {"action_time": "2021-06-06T17:51:18.357Z", "user": 1, "content_type": 14, "object_id": "5", "object_repr": "Elegant Wedding Cake", "action_flag": 2, "change_message": "[{\"changed\": {\"fields\": [\"Image\"]}}]"}}, {"model": "admin.logentry", "pk": 24, "fields": {"action_time": "2021-06-06T17:51:41.934Z", "user": 1, "content_type": 14, "object_id": "4", "object_repr": "Cookie Selection", "action_flag": 2, "change_message": "[{\"changed\": {\"fields\": [\"Image\"]}}]"}}, {"model": "admin.logentry", "pk": 25, "fields": {"action_time": "2021-06-06T17:51:57.825Z", "user": 1, "content_type": 14, "object_id": "4", "object_repr": "Cookie Selection", "action_flag": 2, "change_message": "[{\"changed\": {\"fields\": [\"Image\"]}}]"}}, {"model": "admin.logentry", "pk": 26, "fields": {"action_time": "2021-06-06T17:52:09.580Z", "user": 1, "content_type": 14, "object_id": "3", "object_repr": "Berry Cheesecake", "action_flag": 2, "change_message": "[{\"changed\": {\"fields\": [\"Image\"]}}]"}}, {"model": "admin.logentry", "pk": 27, "fields": {"action_time": "2021-06-06T17:52:33.299Z", "user": 1, "content_type": 14, "object_id": "3", "object_repr": "Berry Cheesecake", "action_flag": 2, "change_message": "[{\"changed\": {\"fields\": [\"Image\"]}}]"}}, {"model": "admin.logentry", "pk": 28, "fields": {"action_time": "2021-06-06T17:52:45.867Z", "user": 1, "content_type": 14, "object_id": "2", "object_repr": "Pink Birthday Cake", "action_flag": 2, "change_message": "[{\"changed\": {\"fields\": [\"Image\"]}}]"}}, {"model": "admin.logentry", "pk": 29, "fields": {"action_time": "2021-06-06T17:53:23.106Z", "user": 1, "content_type": 14, "object_id": "2", "object_repr": "Pink Birthday Cake", "action_flag": 2, "change_message": "[{\"changed\": {\"fields\": [\"Image\"]}}]"}}, {"model": "admin.logentry", "pk": 30, "fields": {"action_time": "2021-06-06T23:27:19.561Z", "user": 1, "content_type": 14, "object_id": "3", "object_repr": "Berry Cheesecake", "action_flag": 2, "change_message": "[]"}}, {"model": "admin.logentry", "pk": 31, "fields": {"action_time": "2021-06-06T23:27:48.806Z", "user": 1, "content_type": 14, "object_id": "1", "object_repr": "Chocolate Berry Cake", "action_flag": 2, "change_message": "[]"}}, {"model": "admin.logentry", "pk": 32, "fields": {"action_time": "2021-06-07T19:56:36.042Z", "user": 1, "content_type": 13, "object_id": "14", "object_repr": "office_selection", "action_flag": 1, "change_message": "[{\"added\": {}}]"}}, {"model": "admin.logentry", "pk": 33, "fields": {"action_time": "2021-06-07T20:42:43.675Z", "user": 1, "content_type": 14, "object_id": "6", "object_repr": "Chocolate Chip", "action_flag": 1, "change_message": "[{\"added\": {}}]"}}, {"model": "admin.logentry", "pk": 34, "fields": {"action_time": "2021-06-07T20:44:50.333Z", "user": 1, "content_type": 14, "object_id": "7", "object_repr": "Chocolate Eclair", "action_flag": 1, "change_message": "[{\"added\": {}}]"}}, {"model": "admin.logentry", "pk": 35, "fields": {"action_time": "2021-06-07T21:26:26.608Z", "user": 1, "content_type": 14, "object_id": "6", "object_repr": "Chocolate Chip", "action_flag": 2, "change_message": "[{\"changed\": {\"fields\": [\"Image\"]}}]"}}, {"model": "admin.logentry", "pk": 36, "fields": {"action_time": "2021-06-07T21:26:54.783Z", "user": 1, "content_type": 14, "object_id": "7", "object_repr": "Chocolate Eclair", "action_flag": 2, "change_message": "[{\"changed\": {\"fields\": [\"Image\"]}}]"}}, {"model": "admin.logentry", "pk": 37, "fields": {"action_time": "2021-06-07T21:43:36.246Z", "user": 1, "content_type": 14, "object_id": "3", "object_repr": "Berry Cheesecake", "action_flag": 2, "change_message": "[]"}}, {"model": "admin.logentry", "pk": 38, "fields": {"action_time": "2021-06-07T21:44:06.232Z", "user": 1, "content_type": 14, "object_id": "6", "object_repr": "Chocolate Chip", "action_flag": 2, "change_message": "[{\"changed\": {\"fields\": [\"Is for six\"]}}]"}}, {"model": "admin.logentry", "pk": 39, "fields": {"action_time": "2021-06-07T21:44:23.856Z", "user": 1, "content_type": 14, "object_id": "7", "object_repr": "Chocolate Eclair", "action_flag": 2, "change_message": "[{\"changed\": {\"fields\": [\"Is for six\"]}}]"}}, {"model": "admin.logentry", "pk": 40, "fields": {"action_time": "2021-06-07T21:53:16.981Z", "user": 1, "content_type": 14, "object_id": "6", "object_repr": "Chocolate Chip", "action_flag": 2, "change_message": "[{\"changed\": {\"fields\": [\"Web price\"]}}]"}}, {"model": "admin.logentry", "pk": 41, "fields": {"action_time": "2021-06-07T21:53:33.400Z", "user": 1, "content_type": 14, "object_id": "7", "object_repr": "Chocolate Eclair", "action_flag": 2, "change_message": "[{\"changed\": {\"fields\": [\"Web price\"]}}]"}}, {"model": "admin.logentry", "pk": 42, "fields": {"action_time": "2021-06-11T14:40:47.582Z", "user": 1, "content_type": 15, "object_id": "1", "object_repr": "size", "action_flag": 1, "change_message": "[{\"added\": {}}]"}}, {"model": "admin.logentry", "pk": 43, "fields": {"action_time": "2021-06-11T14:41:39.930Z", "user": 1, "content_type": 15, "object_id": "1", "object_repr": "Berry Cheesecake", "action_flag": 2, "change_message": "[{\"changed\": {\"fields\": [\"Name\"]}}]"}}, {"model": "admin.logentry", "pk": 44, "fields": {"action_time": "2021-06-11T14:43:32.490Z", "user": 1, "content_type": 15, "object_id": "2", "object_repr": "Chocolate Berry Cake", "action_flag": 1, "change_message": "[{\"added\": {}}]"}}, {"model": "admin.logentry", "pk": 45, "fields": {"action_time": "2021-06-11T14:44:32.602Z", "user": 1, "content_type": 16, "object_id": "1", "object_repr": "Chocolate Chip", "action_flag": 1, "change_message": "[{\"added\": {}}]"}}, {"model": "admin.logentry", "pk": 46, "fields": {"action_time": "2021-06-11T14:45:39.303Z", "user": 1, "content_type": 16, "object_id": "2", "object_repr": "Chocolate Eclair", "action_flag": 1, "change_message": "[{\"added\": {}}]"}}, {"model": "admin.logentry", "pk": 47, "fields": {"action_time": "2021-06-11T14:47:17.110Z", "user": 1, "content_type": 15, "object_id": "3", "object_repr": "Cookie Selection", "action_flag": 1, "change_message": "[{\"added\": {}}]"}}, {"model": "admin.logentry", "pk": 48, "fields": {"action_time": "2021-06-11T14:48:10.443Z", "user": 1, "content_type": 15, "object_id": "4", "object_repr": "Pink Birthday Cake", "action_flag": 1, "change_message": "[{\"added\": {}}]"}}, {"model": "admin.logentry", "pk": 49, "fields": {"action_time": "2021-06-11T14:48:41.019Z", "user": 1, "content_type": 15, "object_id": "5", "object_repr": "Elegant Wedding Cake", "action_flag": 1, "change_message": "[{\"added\": {}}]"}}, {"model": "admin.logentry", "pk": 50, "fields": {"action_time": "2021-06-11T16:11:59.265Z", "user": 1, "content_type": 14, "object_id": "3", "object_repr": "Berry Cheesecake", "action_flag": 2, "change_message": "[{\"changed\": {\"fields\": [\"Is sizes\"]}}]"}}, {"model": "admin.logentry", "pk": 51, "fields": {"action_time": "2021-06-11T16:12:20.031Z", "user": 1, "content_type": 14, "object_id": "1", "object_repr": "Chocolate Berry Cake", "action_flag": 2, "change_message": "[{\"changed\": {\"fields\": [\"Is sizes\"]}}]"}}, {"model": "admin.logentry", "pk": 52, "fields": {"action_time": "2021-06-11T16:13:16.108Z", "user": 1, "content_type": 14, "object_id": "4", "object_repr": "Cookie Selection", "action_flag": 2, "change_message": "[{\"changed\": {\"fields\": [\"Is sizes\"]}}]"}}, {"model": "admin.logentry", "pk": 53, "fields": {"action_time": "2021-06-11T16:13:31.719Z", "user": 1, "content_type": 14, "object_id": "5", "object_repr": "Elegant Wedding Cake", "action_flag": 2, "change_message": "[{\"changed\": {\"fields\": [\"Is sizes\"]}}]"}}, {"model": "admin.logentry", "pk": 54, "fields": {"action_time": "2021-06-11T16:13:46.670Z", "user": 1, "content_type": 14, "object_id": "2", "object_repr": "Pink Birthday Cake", "action_flag": 2, "change_message": "[{\"changed\": {\"fields\": [\"Is sizes\"]}}]"}}, {"model": "admin.logentry", "pk": 55, "fields": {"action_time": "2021-06-16T19:30:33.253Z", "user": 1, "content_type": 14, "object_id": "8", "object_repr": "Christmas Cake", "action_flag": 1, "change_message": "[{\"added\": {}}]"}}, {"model": "admin.logentry", "pk": 56, "fields": {"action_time": "2021-06-18T22:51:38.409Z", "user": 1, "content_type": 14, "object_id": "9", "object_repr": "test", "action_flag": 1, "change_message": "[{\"added\": {}}, {\"added\": {\"name\": \"forsix\", \"object\": \"test\"}}]"}}, {"model": "admin.logentry", "pk": 57, "fields": {"action_time": "2021-06-18T22:56:07.805Z", "user": 1, "content_type": 14, "object_id": "9", "object_repr": "test", "action_flag": 2, "change_message": "[{\"changed\": {\"fields\": [\"Image\"]}}]"}}, {"model": "admin.logentry", "pk": 58, "fields": {"action_time": "2021-06-18T23:23:32.686Z", "user": 1, "content_type": 14, "object_id": "9", "object_repr": "Fresh Fruit Cheesecake", "action_flag": 2, "change_message": "[{\"changed\": {\"fields\": [\"Name\", \"Flavour\", \"Description\", \"Web price\", \"Is for six\", \"Is sizes\", \"Rating\", \"Storage\"]}}, {\"deleted\": {\"name\": \"forsix\", \"object\": \"test\"}}]"}}, {"model": "admin.logentry", "pk": 59, "fields": {"action_time": "2021-06-19T13:25:19.753Z", "user": 1, "content_type": 14, "object_id": "10", "object_repr": "Fresh Fruit Cheesecake", "action_flag": 1, "change_message": "[{\"added\": {}}, {\"added\": {\"name\": \"size\", \"object\": \"Fresh Fruit Cheesecake\"}}]"}}, {"model": "admin.logentry", "pk": 60, "fields": {"action_time": "2021-06-19T13:28:02.307Z", "user": 1, "content_type": 15, "object_id": "6", "object_repr": "Fresh Fruit Cheesecake", "action_flag": 3, "change_message": ""}}, {"model": "admin.logentry", "pk": 61, "fields": {"action_time": "2021-06-19T13:28:02.343Z", "user": 1, "content_type": 15, "object_id": "5", "object_repr": "Elegant Wedding Cake", "action_flag": 3, "change_message": ""}}, {"model": "admin.logentry", "pk": 62, "fields": {"action_time": "2021-06-19T13:28:02.364Z", "user": 1, "content_type": 15, "object_id": "4", "object_repr": "Pink Birthday Cake", "action_flag": 3, "change_message": ""}}, {"model": "admin.logentry", "pk": 63, "fields": {"action_time": "2021-06-19T13:28:02.395Z", "user": 1, "content_type": 15, "object_id": "3", "object_repr": "Cookie Selection", "action_flag": 3, "change_message": ""}}, {"model": "admin.logentry", "pk": 64, "fields": {"action_time": "2021-06-19T13:28:02.415Z", "user": 1, "content_type": 15, "object_id": "2", "object_repr": "Chocolate Berry Cake", "action_flag": 3, "change_message": ""}}, {"model": "admin.logentry", "pk": 65, "fields": {"action_time": "2021-06-19T13:28:02.436Z", "user": 1, "content_type": 15, "object_id": "1", "object_repr": "Berry Cheesecake", "action_flag": 3, "change_message": ""}}, {"model": "admin.logentry", "pk": 66, "fields": {"action_time": "2021-06-19T13:28:31.093Z", "user": 1, "content_type": 16, "object_id": "2", "object_repr": "Chocolate Eclair", "action_flag": 3, "change_message": ""}}, {"model": "admin.logentry", "pk": 67, "fields": {"action_time": "2021-06-19T13:28:44.325Z", "user": 1, "content_type": 16, "object_id": "1", "object_repr": "Chocolate Chip", "action_flag": 3, "change_message": ""}}, {"model": "admin.logentry", "pk": 68, "fields": {"action_time": "2021-06-19T13:31:20.465Z", "user": 1, "content_type": 14, "object_id": "3", "object_repr": "Berry Cheesecake", "action_flag": 2, "change_message": "[{\"changed\": {\"fields\": [\"Shop price\", \"Rating\"]}}, {\"added\": {\"name\": \"size\", \"object\": \"Berry Cheesecake\"}}]"}}, {"model": "admin.logentry", "pk": 69, "fields": {"action_time": "2021-06-19T13:32:46.144Z", "user": 1, "content_type": 14, "object_id": "1", "object_repr": "Chocolate Berry Cake", "action_flag": 2, "change_message": "[{\"changed\": {\"fields\": [\"Shop price\"]}}, {\"added\": {\"name\": \"size\", \"object\": \"Chocolate Berry Cake\"}}]"}}, {"model": "admin.logentry", "pk": 70, "fields": {"action_time": "2021-06-19T13:34:43.567Z", "user": 1, "content_type": 14, "object_id": "6", "object_repr": "Chocolate Chip Cookies", "action_flag": 2, "change_message": "[{\"changed\": {\"fields\": [\"Name\", \"Rating\", \"Storage\"]}}, {\"added\": {\"name\": \"forsix\", \"object\": \"Chocolate Chip Cookies\"}}]"}}, {"model": "admin.logentry", "pk": 71, "fields": {"action_time": "2021-06-19T13:36:07.574Z", "user": 1, "content_type": 14, "object_id": "7", "object_repr": "Chocolate Eclair", "action_flag": 2, "change_message": "[{\"changed\": {\"fields\": [\"Rating\", \"Storage\"]}}, {\"added\": {\"name\": \"forsix\", \"object\": \"Chocolate Eclair\"}}]"}}, {"model": "admin.logentry", "pk": 72, "fields": {"action_time": "2021-06-19T13:37:35.380Z", "user": 1, "content_type": 14, "object_id": "8", "object_repr": "Christmas Cake", "action_flag": 2, "change_message": "[]"}}, {"model": "admin.logentry", "pk": 73, "fields": {"action_time": "2021-06-19T13:39:21.588Z", "user": 1, "content_type": 14, "object_id": "4", "object_repr": "Cookie Selection", "action_flag": 2, "change_message": "[{\"changed\": {\"fields\": [\"Rating\"]}}, {\"added\": {\"name\": \"size\", \"object\": \"Cookie Selection\"}}]"}}, {"model": "admin.logentry", "pk": 74, "fields": {"action_time": "2021-06-19T13:41:14.540Z", "user": 1, "content_type": 14, "object_id": "5", "object_repr": "Elegant Wedding Cake", "action_flag": 2, "change_message": "[{\"changed\": {\"fields\": [\"Description\", \"Web price\", \"Storage\"]}}, {\"added\": {\"name\": \"size\", \"object\": \"Elegant Wedding Cake\"}}]"}}, {"model": "admin.logentry", "pk": 75, "fields": {"action_time": "2021-06-19T13:43:55.212Z", "user": 1, "content_type": 14, "object_id": "10", "object_repr": "Fresh Fruit Cheesecake", "action_flag": 2, "change_message": "[{\"added\": {\"name\": \"size\", \"object\": \"Fresh Fruit Cheesecake\"}}]"}}, {"model": "admin.logentry", "pk": 76, "fields": {"action_time": "2021-06-19T13:44:53.418Z", "user": 1, "content_type": 14, "object_id": "2", "object_repr": "Pink Birthday Cake", "action_flag": 2, "change_message": "[{\"changed\": {\"fields\": [\"Rating\"]}}, {\"added\": {\"name\": \"size\", \"object\": \"Pink Birthday Cake\"}}]"}}, {"model": "admin.logentry", "pk": 77, "fields": {"action_time": "2021-06-19T15:44:57.315Z", "user": 1, "content_type": 14, "object_id": "3", "object_repr": "Berry Cheesecake", "action_flag": 2, "change_message": "[]"}}, {"model": "admin.logentry", "pk": 78, "fields": {"action_time": "2021-06-19T15:58:00.468Z", "user": 1, "content_type": 14, "object_id": "11", "object_repr": "xxx", "action_flag": 1, "change_message": "[{\"added\": {}}]"}}, {"model": "admin.logentry", "pk": 79, "fields": {"action_time": "2021-06-19T16:11:24.787Z", "user": 1, "content_type": 14, "object_id": "11", "object_repr": "xxx", "action_flag": 2, "change_message": "[{\"changed\": {\"fields\": [\"Is sizes\"]}}]"}}, {"model": "admin.logentry", "pk": 80, "fields": {"action_time": "2021-06-19T17:30:56.091Z", "user": 1, "content_type": 14, "object_id": "10", "object_repr": "Fresh Fruit Cheesecake", "action_flag": 3, "change_message": ""}}, {"model": "admin.logentry", "pk": 81, "fields": {"action_time": "2021-06-19T17:33:53.480Z", "user": 1, "content_type": 14, "object_id": "3", "object_repr": "Berry Cheesecake", "action_flag": 2, "change_message": "[]"}}, {"model": "admin.logentry", "pk": 82, "fields": {"action_time": "2021-06-19T18:08:23.352Z", "user": 1, "content_type": 14, "object_id": "11", "object_repr": "xxx", "action_flag": 2, "change_message": "[{\"changed\": {\"fields\": [\"Is sizes\"]}}]"}}, {"model": "admin.logentry", "pk": 83, "fields": {"action_time": "2021-06-19T18:12:13.708Z", "user": 1, "content_type": 14, "object_id": "11", "object_repr": "xxx", "action_flag": 2, "change_message": "[{\"changed\": {\"fields\": [\"Web price\", \"Is sizes\"]}}, {\"added\": {\"name\": \"size\", \"object\": \"xxx\"}}]"}}, {"model": "admin.logentry", "pk": 84, "fields": {"action_time": "2021-06-19T19:37:34.834Z", "user": 1, "content_type": 14, "object_id": "12", "object_repr": "Fresh Fruit Cheesecake", "action_flag": 1, "change_message": "[{\"added\": {}}, {\"added\": {\"name\": \"size\", \"object\": \"Fresh Fruit Cheesecake\"}}]"}}, {"model": "admin.logentry", "pk": 85, "fields": {"action_time": "2021-06-19T20:10:38.256Z", "user": 1, "content_type": 14, "object_id": "12", "object_repr": "Fresh Fruit Cheesecake", "action_flag": 2, "change_message": "[{\"changed\": {\"fields\": [\"Image\"]}}]"}}, {"model": "admin.logentry", "pk": 86, "fields": {"action_time": "2021-06-21T22:22:10.450Z", "user": 1, "content_type": 18, "object_id": "4", "object_repr": "1CEC75C3B8F644E2B914B9DA7EA063BC", "action_flag": 2, "change_message": "[{\"deleted\": {\"name\": \"order line item\", \"object\": \"Name Chocolate Berry Cake on order 1CEC75C3B8F644E2B914B9DA7EA063BC\"}}]"}}, {"model": "admin.logentry", "pk": 87, "fields": {"action_time": "2021-06-21T22:23:13.156Z", "user": 1, "content_type": 18, "object_id": "4", "object_repr": "1CEC75C3B8F644E2B914B9DA7EA063BC", "action_flag": 3, "change_message": ""}}, {"model": "admin.logentry", "pk": 88, "fields": {"action_time": "2021-06-21T22:23:13.191Z", "user": 1, "content_type": 18, "object_id": "3", "object_repr": "F6730137468345839EAC2B48B0DF46DA", "action_flag": 3, "change_message": ""}}, {"model": "admin.logentry", "pk": 89, "fields": {"action_time": "2021-06-21T22:23:13.212Z", "user": 1, "content_type": 18, "object_id": "2", "object_repr": "C196641F051F4177B0FC42E2A2A1C625", "action_flag": 3, "change_message": ""}}, {"model": "admin.logentry", "pk": 90, "fields": {"action_time": "2021-06-21T22:23:13.242Z", "user": 1, "content_type": 18, "object_id": "1", "object_repr": "0CBE8DAFEF3946A3BE04084EFD87DEAB", "action_flag": 3, "change_message": ""}}, {"model": "admin.logentry", "pk": 91, "fields": {"action_time": "2021-06-25T13:34:22.369Z", "user": 1, "content_type": 18, "object_id": "5", "object_repr": "CF33096CE8D94784A9B4EC2FB21D361D", "action_flag": 3, "change_message": ""}}, {"model": "admin.logentry", "pk": 92, "fields": {"action_time": "2021-06-25T13:35:27.261Z", "user": 1, "content_type": 18, "object_id": "15", "object_repr": "A3666A6AF7014C10B33AC1FBE8A4C406", "action_flag": 3, "change_message": ""}}, {"model": "admin.logentry", "pk": 93, "fields": {"action_time": "2021-06-25T13:35:27.306Z", "user": 1, "content_type": 18, "object_id": "10", "object_repr": "BF3F05A0C98E45928E356F3B9BDA6253", "action_flag": 3, "change_message": ""}}, {"model": "admin.logentry", "pk": 94, "fields": {"action_time": "2021-06-25T13:35:27.345Z", "user": 1, "content_type": 18, "object_id": "9", "object_repr": "07FAC7A623104A55A6E7C605368F1213", "action_flag": 3, "change_message": ""}}, {"model": "admin.logentry", "pk": 95, "fields": {"action_time": "2021-06-25T13:35:27.393Z", "user": 1, "content_type": 18, "object_id": "8", "object_repr": "4BB6F775C95D40D3A617FAD806B78E08", "action_flag": 3, "change_message": ""}}, {"model": "admin.logentry", "pk": 96, "fields": {"action_time": "2021-06-25T13:35:27.428Z", "user": 1, "content_type": 18, "object_id": "7", "object_repr": "83FD9D2C9F4F469FA0783EEFBB0CF60F", "action_flag": 3, "change_message": ""}}, {"model": "admin.logentry", "pk": 97, "fields": {"action_time": "2021-06-25T13:35:27.476Z", "user": 1, "content_type": 18, "object_id": "6", "object_repr": "DEA8872AF400484E979D2FF2CDFEC57F", "action_flag": 3, "change_message": ""}}, {"model": "admin.logentry", "pk": 98, "fields": {"action_time": "2021-06-25T13:46:42.278Z", "user": 1, "content_type": 18, "object_id": "16", "object_repr": "512699B6E01E4984A4D3ADDD64D8708C", "action_flag": 3, "change_message": ""}}, {"model": "admin.logentry", "pk": 99, "fields": {"action_time": "2021-06-25T19:15:33.789Z", "user": 1, "content_type": 18, "object_id": "37", "object_repr": "0A9DF5E917D54DC689C6E2838D3A2B6D", "action_flag": 3, "change_message": ""}}, {"model": "admin.logentry", "pk": 100, "fields": {"action_time": "2021-06-25T19:15:33.818Z", "user": 1, "content_type": 18, "object_id": "34", "object_repr": "15EA5C29625E445B939E283147D03AB3", "action_flag": 3, "change_message": ""}}, {"model": "admin.logentry", "pk": 101, "fields": {"action_time": "2021-06-25T19:15:33.843Z", "user": 1, "content_type": 18, "object_id": "33", "object_repr": "0ED7955006BA4099BDB46C4FB9D8A5ED", "action_flag": 3, "change_message": ""}}, {"model": "admin.logentry", "pk": 102, "fields": {"action_time": "2021-06-25T19:15:33.878Z", "user": 1, "content_type": 18, "object_id": "32", "object_repr": "BBF152A57C4B4880B11B24BB96E2088F", "action_flag": 3, "change_message": ""}}, {"model": "admin.logentry", "pk": 103, "fields": {"action_time": "2021-06-25T19:15:33.902Z", "user": 1, "content_type": 18, "object_id": "28", "object_repr": "E2A3332B298E477EA032938596E389A9", "action_flag": 3, "change_message": ""}}, {"model": "admin.logentry", "pk": 104, "fields": {"action_time": "2021-06-25T19:15:33.926Z", "user": 1, "content_type": 18, "object_id": "27", "object_repr": "82CE3BF108BA4644B2552FDD15CCBC3F", "action_flag": 3, "change_message": ""}}, {"model": "admin.logentry", "pk": 105, "fields": {"action_time": "2021-06-25T19:15:33.950Z", "user": 1, "content_type": 18, "object_id": "25", "object_repr": "DA1BA802C0F044408604FD298955AF9D", "action_flag": 3, "change_message": ""}}, {"model": "admin.logentry", "pk": 106, "fields": {"action_time": "2021-06-25T19:15:33.975Z", "user": 1, "content_type": 18, "object_id": "20", "object_repr": "24EDA932D5234933A3466C9F65F4C84F", "action_flag": 3, "change_message": ""}}, {"model": "admin.logentry", "pk": 107, "fields": {"action_time": "2021-06-25T19:15:33.999Z", "user": 1, "content_type": 18, "object_id": "18", "object_repr": "E4EE96C9AFD1439DA1A218D3439B2736", "action_flag": 3, "change_message": ""}}, {"model": "admin.logentry", "pk": 108, "fields": {"action_time": "2021-06-25T19:15:34.023Z", "user": 1, "content_type": 18, "object_id": "17", "object_repr": "B27191D7EB904EB68A030F6BC980DA9A", "action_flag": 3, "change_message": ""}}, {"model": "admin.logentry", "pk": 109, "fields": {"action_time": "2021-06-30T22:13:28.237Z", "user": 1, "content_type": 14, "object_id": "23", "object_repr": "bbbbb", "action_flag": 3, "change_message": ""}}, {"model": "admin.logentry", "pk": 110, "fields": {"action_time": "2021-06-30T22:13:28.272Z", "user": 1, "content_type": 14, "object_id": "20", "object_repr": "bbbbbbbbbb", "action_flag": 3, "change_message": ""}}, {"model": "admin.logentry", "pk": 111, "fields": {"action_time": "2021-06-30T22:13:28.293Z", "user": 1, "content_type": 14, "object_id": "15", "object_repr": "bigbun", "action_flag": 3, "change_message": ""}}, {"model": "admin.logentry", "pk": 112, "fields": {"action_time": "2021-06-30T22:13:28.313Z", "user": 1, "content_type": 14, "object_id": "14", "object_repr": "bigbun", "action_flag": 3, "change_message": ""}}, {"model": "admin.logentry", "pk": 113, "fields": {"action_time": "2021-06-30T22:13:28.335Z", "user": 1, "content_type": 14, "object_id": "27", "object_repr": "cccc", "action_flag": 3, "change_message": ""}}, {"model": "admin.logentry", "pk": 114, "fields": {"action_time": "2021-06-30T22:13:28.355Z", "user": 1, "content_type": 14, "object_id": "28", "object_repr": "cccccccc", "action_flag": 3, "change_message": ""}}, {"model": "admin.logentry", "pk": 115, "fields": {"action_time": "2021-06-30T22:13:28.379Z", "user": 1, "content_type": 14, "object_id": "24", "object_repr": "cccccccc", "action_flag": 3, "change_message": ""}}, {"model": "admin.logentry", "pk": 116, "fields": {"action_time": "2021-06-30T22:13:28.400Z", "user": 1, "content_type": 14, "object_id": "29", "object_repr": "mmmm", "action_flag": 3, "change_message": ""}}, {"model": "admin.logentry", "pk": 117, "fields": {"action_time": "2021-06-30T22:13:28.420Z", "user": 1, "content_type": 14, "object_id": "25", "object_repr": "mmmmmmm", "action_flag": 3, "change_message": ""}}, {"model": "admin.logentry", "pk": 118, "fields": {"action_time": "2021-06-30T22:13:28.440Z", "user": 1, "content_type": 14, "object_id": "30", "object_repr": "nnnnn", "action_flag": 3, "change_message": ""}}, {"model": "admin.logentry", "pk": 119, "fields": {"action_time": "2021-06-30T22:13:28.460Z", "user": 1, "content_type": 14, "object_id": "31", "object_repr": "nnnnnnnn", "action_flag": 3, "change_message": ""}}, {"model": "admin.logentry", "pk": 120, "fields": {"action_time": "2021-06-30T22:13:28.480Z", "user": 1, "content_type": 14, "object_id": "13", "object_repr": "test", "action_flag": 3, "change_message": ""}}, {"model": "admin.logentry", "pk": 121, "fields": {"action_time": "2021-06-30T22:13:28.499Z", "user": 1, "content_type": 14, "object_id": "16", "object_repr": "testbox", "action_flag": 3, "change_message": ""}}, {"model": "admin.logentry", "pk": 122, "fields": {"action_time": "2021-06-30T22:13:28.520Z", "user": 1, "content_type": 14, "object_id": "17", "object_repr": "testbox2", "action_flag": 3, "change_message": ""}}, {"model": "admin.logentry", "pk": 123, "fields": {"action_time": "2021-06-30T22:13:28.539Z", "user": 1, "content_type": 14, "object_id": "18", "object_repr": "textsize", "action_flag": 3, "change_message": ""}}, {"model": "admin.logentry", "pk": 124, "fields": {"action_time": "2021-06-30T22:13:28.559Z", "user": 1, "content_type": 14, "object_id": "21", "object_repr": "tt", "action_flag": 3, "change_message": ""}}, {"model": "admin.logentry", "pk": 125, "fields": {"action_time": "2021-06-30T22:13:28.581Z", "user": 1, "content_type": 14, "object_id": "19", "object_repr": "tttttt", "action_flag": 3, "change_message": ""}}, {"model": "admin.logentry", "pk": 126, "fields": {"action_time": "2021-06-30T22:13:28.612Z", "user": 1, "content_type": 14, "object_id": "22", "object_repr": "vv", "action_flag": 3, "change_message": ""}}, {"model": "admin.logentry", "pk": 127, "fields": {"action_time": "2021-06-30T22:13:28.632Z", "user": 1, "content_type": 14, "object_id": "11", "object_repr": "xxx", "action_flag": 3, "change_message": ""}}, {"model": "admin.logentry", "pk": 128, "fields": {"action_time": "2021-07-01T14:04:09.294Z", "user": 1, "content_type": 14, "object_id": "47", "object_repr": "Berry Cheesecake", "action_flag": 3, "change_message": ""}}, {"model": "admin.logentry", "pk": 129, "fields": {"action_time": "2021-07-01T14:04:32.345Z", "user": 1, "content_type": 14, "object_id": "46", "object_repr": "Berry Cheesecake", "action_flag": 3, "change_message": ""}}, {"model": "admin.logentry", "pk": 130, "fields": {"action_time": "2021-07-01T14:04:51.594Z", "user": 1, "content_type": 14, "object_id": "45", "object_repr": "Berry Cheesecake", "action_flag": 3, "change_message": ""}}, {"model": "admin.logentry", "pk": 131, "fields": {"action_time": "2021-07-01T14:05:04.413Z", "user": 1, "content_type": 14, "object_id": "44", "object_repr": "Berry Cheesecake", "action_flag": 3, "change_message": ""}}, {"model": "admin.logentry", "pk": 132, "fields": {"action_time": "2021-07-01T14:05:37.644Z", "user": 1, "content_type": 14, "object_id": "26", "object_repr": "Barbarian Cake", "action_flag": 3, "change_message": ""}}, {"model": "admin.logentry", "pk": 133, "fields": {"action_time": "2021-07-01T14:06:23.937Z", "user": 1, "content_type": 14, "object_id": "42", "object_repr": "aaaaaaaaaaaaaa", "action_flag": 3, "change_message": ""}}, {"model": "admin.logentry", "pk": 134, "fields": {"action_time": "2021-07-01T14:06:23.958Z", "user": 1, "content_type": 14, "object_id": "38", "object_repr": "bbbbbbbbb", "action_flag": 3, "change_message": ""}}, {"model": "admin.logentry", "pk": 135, "fields": {"action_time": "2021-07-01T14:06:23.981Z", "user": 1, "content_type": 14, "object_id": "40", "object_repr": "bunny", "action_flag": 3, "change_message": ""}}, {"model": "admin.logentry", "pk": 136, "fields": {"action_time": "2021-07-01T14:06:24.006Z", "user": 1, "content_type": 14, "object_id": "43", "object_repr": "buns", "action_flag": 3, "change_message": ""}}, {"model": "admin.logentry", "pk": 137, "fields": {"action_time": "2021-07-01T14:06:24.030Z", "user": 1, "content_type": 14, "object_id": "41", "object_repr": "ccccccccccvvvvvvbbbbb", "action_flag": 3, "change_message": ""}}, {"model": "admin.logentry", "pk": 138, "fields": {"action_time": "2021-07-01T14:06:24.054Z", "user": 1, "content_type": 14, "object_id": "39", "object_repr": "fffffffffffffffff", "action_flag": 3, "change_message": ""}}, {"model": "admin.logentry", "pk": 139, "fields": {"action_time": "2021-07-01T14:06:24.077Z", "user": 1, "content_type": 14, "object_id": "37", "object_repr": "mmmmmm", "action_flag": 3, "change_message": ""}}, {"model": "admin.logentry", "pk": 140, "fields": {"action_time": "2021-07-01T14:06:24.100Z", "user": 1, "content_type": 14, "object_id": "36", "object_repr": "mmmmmm", "action_flag": 3, "change_message": ""}}, {"model": "admin.logentry", "pk": 141, "fields": {"action_time": "2021-07-01T14:06:24.116Z", "user": 1, "content_type": 14, "object_id": "35", "object_repr": "mmmmmm", "action_flag": 3, "change_message": ""}}, {"model": "admin.logentry", "pk": 142, "fields": {"action_time": "2021-07-01T14:06:24.133Z", "user": 1, "content_type": 14, "object_id": "32", "object_repr": "test", "action_flag": 3, "change_message": ""}}, {"model": "admin.logentry", "pk": 143, "fields": {"action_time": "2021-07-01T14:06:24.150Z", "user": 1, "content_type": 14, "object_id": "33", "object_repr": "test test", "action_flag": 3, "change_message": ""}}, {"model": "admin.logentry", "pk": 144, "fields": {"action_time": "2021-07-01T14:06:24.173Z", "user": 1, "content_type": 14, "object_id": "34", "object_repr": "vvvvvvvvv", "action_flag": 3, "change_message": ""}}, {"model": "admin.logentry", "pk": 145, "fields": {"action_time": "2021-07-01T14:52:06.604Z", "user": 1, "content_type": 14, "object_id": "48", "object_repr": "vvvv", "action_flag": 3, "change_message": ""}}, {"model": "admin.logentry", "pk": 146, "fields": {"action_time": "2021-07-01T15:01:23.980Z", "user": 1, "content_type": 14, "object_id": "50", "object_repr": "Cookie Selection", "action_flag": 3, "change_message": ""}}, {"model": "admin.logentry", "pk": 147, "fields": {"action_time": "2021-07-01T15:01:24.013Z", "user": 1, "content_type": 14, "object_id": "49", "object_repr": "Cookie Selection", "action_flag": 3, "change_message": ""}}, {"model": "admin.logentry", "pk": 148, "fields": {"action_time": "2021-07-01T15:27:02.373Z", "user": 1, "content_type": 14, "object_id": "52", "object_repr": "Chocolate Eclair", "action_flag": 3, "change_message": ""}}, {"model": "admin.logentry", "pk": 149, "fields": {"action_time": "2021-07-01T15:50:49.382Z", "user": 1, "content_type": 14, "object_id": "51", "object_repr": "xxx", "action_flag": 3, "change_message": ""}}, {"model": "admin.logentry", "pk": 150, "fields": {"action_time": "2021-07-01T15:52:01.862Z", "user": 1, "content_type": 14, "object_id": "53", "object_repr": "bigbun", "action_flag": 3, "change_message": ""}}, {"model": "admin.logentry", "pk": 151, "fields": {"action_time": "2021-07-01T16:29:42.482Z", "user": 1, "content_type": 14, "object_id": "55", "object_repr": "bbbbbbb", "action_flag": 3, "change_message": ""}}, {"model": "admin.logentry", "pk": 152, "fields": {"action_time": "2021-07-01T16:29:42.502Z", "user": 1, "content_type": 14, "object_id": "54", "object_repr": "dddddddddd", "action_flag": 3, "change_message": ""}}, {"model": "admin.logentry", "pk": 153, "fields": {"action_time": "2021-07-01T18:14:08.114Z", "user": 1, "content_type": 14, "object_id": "57", "object_repr": "bbbbhhn", "action_flag": 3, "change_message": ""}}, {"model": "admin.logentry", "pk": 154, "fields": {"action_time": "2021-07-01T18:14:08.136Z", "user": 1, "content_type": 14, "object_id": "56", "object_repr": "bob", "action_flag": 3, "change_message": ""}}, {"model": "admin.logentry", "pk": 155, "fields": {"action_time": "2021-07-01T18:14:08.156Z", "user": 1, "content_type": 14, "object_id": "63", "object_repr": "gog", "action_flag": 3, "change_message": ""}}, {"model": "admin.logentry", "pk": 156, "fields": {"action_time": "2021-07-01T18:14:08.174Z", "user": 1, "content_type": 14, "object_id": "62", "object_repr": "mmkk", "action_flag": 3, "change_message": ""}}, {"model": "admin.logentry", "pk": 157, "fields": {"action_time": "2021-07-01T18:14:08.200Z", "user": 1, "content_type": 14, "object_id": "61", "object_repr": "nnn", "action_flag": 3, "change_message": ""}}, {"model": "admin.logentry", "pk": 158, "fields": {"action_time": "2021-07-01T18:14:08.215Z", "user": 1, "content_type": 14, "object_id": "60", "object_repr": "nom", "action_flag": 3, "change_message": ""}}, {"model": "admin.logentry", "pk": 159, "fields": {"action_time": "2021-07-01T18:14:08.233Z", "user": 1, "content_type": 14, "object_id": "59", "object_repr": "xca", "action_flag": 3, "change_message": ""}}, {"model": "admin.logentry", "pk": 160, "fields": {"action_time": "2021-07-01T18:14:08.259Z", "user": 1, "content_type": 14, "object_id": "58", "object_repr": "xxcake", "action_flag": 3, "change_message": ""}}, {"model": "admin.logentry", "pk": 161, "fields": {"action_time": "2021-07-02T13:42:27.479Z", "user": 1, "content_type": 16, "object_id": "16", "object_repr": "testin", "action_flag": 3, "change_message": ""}}, {"model": "admin.logentry", "pk": 162, "fields": {"action_time": "2021-07-02T13:42:27.535Z", "user": 1, "content_type": 16, "object_id": "15", "object_repr": "test2", "action_flag": 3, "change_message": ""}}, {"model": "admin.logentry", "pk": 163, "fields": {"action_time": "2021-07-02T13:42:27.584Z", "user": 1, "content_type": 16, "object_id": "14", "object_repr": "gol", "action_flag": 3, "change_message": ""}}, {"model": "admin.logentry", "pk": 164, "fields": {"action_time": "2021-07-02T13:42:48.494Z", "user": 1, "content_type": 14, "object_id": "64", "object_repr": "gol", "action_flag": 3, "change_message": ""}}, {"model": "admin.logentry", "pk": 165, "fields": {"action_time": "2021-07-02T13:42:48.547Z", "user": 1, "content_type": 14, "object_id": "66", "object_repr": "test", "action_flag": 3, "change_message": ""}}, {"model": "admin.logentry", "pk": 166, "fields": {"action_time": "2021-07-02T13:42:48.572Z", "user": 1, "content_type": 14, "object_id": "67", "object_repr": "test2", "action_flag": 3, "change_message": ""}}, {"model": "admin.logentry", "pk": 167, "fields": {"action_time": "2021-07-02T13:42:48.601Z", "user": 1, "content_type": 14, "object_id": "68", "object_repr": "testinitial", "action_flag": 3, "change_message": ""}}, {"model": "admin.logentry", "pk": 168, "fields": {"action_time": "2021-07-02T19:57:38.510Z", "user": 1, "content_type": 16, "object_id": "18", "object_repr": "test", "action_flag": 3, "change_message": ""}}, {"model": "admin.logentry", "pk": 169, "fields": {"action_time": "2021-07-02T19:57:38.547Z", "user": 1, "content_type": 16, "object_id": "17", "object_repr": "", "action_flag": 3, "change_message": ""}}, {"model": "admin.logentry", "pk": 170, "fields": {"action_time": "2021-07-02T19:58:10.663Z", "user": 1, "content_type": 14, "object_id": "69", "object_repr": "formtest", "action_flag": 3, "change_message": ""}}, {"model": "admin.logentry", "pk": 171, "fields": {"action_time": "2021-07-02T19:58:10.690Z", "user": 1, "content_type": 14, "object_id": "70", "object_repr": "test form.name", "action_flag": 3, "change_message": ""}}, {"model": "admin.logentry", "pk": 172, "fields": {"action_time": "2021-07-02T21:06:54.450Z", "user": 1, "content_type": 16, "object_id": "19", "object_repr": "testsize", "action_flag": 3, "change_message": ""}}, {"model": "admin.logentry", "pk": 173, "fields": {"action_time": "2021-07-02T21:07:35.401Z", "user": 1, "content_type": 14, "object_id": "73", "object_repr": "newnames", "action_flag": 3, "change_message": ""}}, {"model": "admin.logentry", "pk": 174, "fields": {"action_time": "2021-07-02T21:07:35.443Z", "user": 1, "content_type": 14, "object_id": "74", "object_repr": "newnames2", "action_flag": 3, "change_message": ""}}, {"model": "admin.logentry", "pk": 175, "fields": {"action_time": "2021-07-02T21:07:35.477Z", "user": 1, "content_type": 14, "object_id": "71", "object_repr": "testsize", "action_flag": 3, "change_message": ""}}, {"model": "admin.logentry", "pk": 176, "fields": {"action_time": "2021-07-02T21:07:35.512Z", "user": 1, "content_type": 14, "object_id": "72", "object_repr": "testsize44", "action_flag": 3, "change_message": ""}}, {"model": "admin.logentry", "pk": 177, "fields": {"action_time": "2021-07-03T01:02:50.408Z", "user": 1, "content_type": 14, "object_id": "76", "object_repr": "newtest", "action_flag": 3, "change_message": ""}}, {"model": "admin.logentry", "pk": 178, "fields": {"action_time": "2021-07-03T01:02:50.437Z", "user": 1, "content_type": 14, "object_id": "77", "object_repr": "righttest", "action_flag": 3, "change_message": ""}}, {"model": "admin.logentry", "pk": 179, "fields": {"action_time": "2021-07-03T01:02:50.473Z", "user": 1, "content_type": 14, "object_id": "75", "object_repr": "test", "action_flag": 3, "change_message": ""}}, {"model": "admin.logentry", "pk": 180, "fields": {"action_time": "2021-07-03T01:02:50.508Z", "user": 1, "content_type": 14, "object_id": "78", "object_repr": "test both", "action_flag": 3, "change_message": ""}}, {"model": "admin.logentry", "pk": 181, "fields": {"action_time": "2021-07-03T16:30:48.567Z", "user": 1, "content_type": 14, "object_id": "85", "object_repr": "is for", "action_flag": 3, "change_message": ""}}, {"model": "admin.logentry", "pk": 182, "fields": {"action_time": "2021-07-03T16:30:48.607Z", "user": 1, "content_type": 14, "object_id": "84", "object_repr": "issizes", "action_flag": 3, "change_message": ""}}, {"model": "admin.logentry", "pk": 183, "fields": {"action_time": "2021-07-03T16:30:48.641Z", "user": 1, "content_type": 14, "object_id": "86", "object_repr": "new ob", "action_flag": 3, "change_message": ""}}, {"model": "admin.logentry", "pk": 184, "fields": {"action_time": "2021-07-03T16:30:48.674Z", "user": 1, "content_type": 14, "object_id": "82", "object_repr": "one", "action_flag": 3, "change_message": ""}}, {"model": "admin.logentry", "pk": 185, "fields": {"action_time": "2021-07-03T16:30:48.708Z", "user": 1, "content_type": 14, "object_id": "83", "object_repr": "two", "action_flag": 3, "change_message": ""}}, {"model": "admin.logentry", "pk": 186, "fields": {"action_time": "2021-07-03T16:30:48.731Z", "user": 1, "content_type": 14, "object_id": "80", "object_repr": "vvvvvv", "action_flag": 3, "change_message": ""}}, {"model": "admin.logentry", "pk": 187, "fields": {"action_time": "2021-07-03T16:30:48.765Z", "user": 1, "content_type": 14, "object_id": "79", "object_repr": "wig", "action_flag": 3, "change_message": ""}}, {"model": "admin.logentry", "pk": 188, "fields": {"action_time": "2021-07-03T16:30:48.799Z", "user": 1, "content_type": 14, "object_id": "81", "object_repr": "yo  mamma", "action_flag": 3, "change_message": ""}}, {"model": "admin.logentry", "pk": 189, "fields": {"action_time": "2021-07-03T16:49:25.195Z", "user": 1, "content_type": 14, "object_id": "89", "object_repr": "sizzzzz", "action_flag": 3, "change_message": ""}}, {"model": "admin.logentry", "pk": 190, "fields": {"action_time": "2021-07-03T16:49:25.223Z", "user": 1, "content_type": 14, "object_id": "88", "object_repr": "testsize33", "action_flag": 3, "change_message": ""}}, {"model": "admin.logentry", "pk": 191, "fields": {"action_time": "2021-07-03T16:49:25.257Z", "user": 1, "content_type": 14, "object_id": "90", "object_repr": "testttttt3", "action_flag": 3, "change_message": ""}}, {"model": "admin.logentry", "pk": 192, "fields": {"action_time": "2021-07-03T16:49:25.292Z", "user": 1, "content_type": 14, "object_id": "87", "object_repr": "vsize", "action_flag": 3, "change_message": ""}}, {"model": "admin.logentry", "pk": 193, "fields": {"action_time": "2021-07-03T17:47:30.221Z", "user": 1, "content_type": 15, "object_id": "19", "object_repr": "", "action_flag": 3, "change_message": ""}}, {"model": "admin.logentry", "pk": 194, "fields": {"action_time": "2021-07-03T18:04:17.997Z", "user": 1, "content_type": 14, "object_id": "93", "object_repr": "Justine", "action_flag": 3, "change_message": ""}}, {"model": "admin.logentry", "pk": 195, "fields": {"action_time": "2021-07-03T18:04:18.060Z", "user": 1, "content_type": 14, "object_id": "92", "object_repr": "new", "action_flag": 3, "change_message": ""}}, {"model": "admin.logentry", "pk": 196, "fields": {"action_time": "2021-07-03T18:04:18.109Z", "user": 1, "content_type": 14, "object_id": "91", "object_repr": "new ob", "action_flag": 3, "change_message": ""}}, {"model": "admin.logentry", "pk": 197, "fields": {"action_time": "2021-07-03T18:21:44.800Z", "user": 1, "content_type": 14, "object_id": "94", "object_repr": "dave", "action_flag": 3, "change_message": ""}}, {"model": "admin.logentry", "pk": 198, "fields": {"action_time": "2021-07-03T18:32:17.185Z", "user": 1, "content_type": 14, "object_id": "95", "object_repr": "instance", "action_flag": 3, "change_message": ""}}, {"model": "admin.logentry", "pk": 199, "fields": {"action_time": "2021-07-03T19:02:24.910Z", "user": 1, "content_type": 14, "object_id": "96", "object_repr": "newstuff", "action_flag": 3, "change_message": ""}}, {"model": "admin.logentry", "pk": 200, "fields": {"action_time": "2021-07-03T19:04:02.218Z", "user": 1, "content_type": 16, "object_id": "30", "object_repr": "newstuff", "action_flag": 3, "change_message": ""}}, {"model": "admin.logentry", "pk": 201, "fields": {"action_time": "2021-07-03T19:04:14.674Z", "user": 1, "content_type": 16, "object_id": "31", "object_repr": "", "action_flag": 3, "change_message": ""}}, {"model": "admin.logentry", "pk": 202, "fields": {"action_time": "2021-07-03T19:05:16.792Z", "user": 1, "content_type": 16, "object_id": "28", "object_repr": "instance", "action_flag": 3, "change_message": ""}}, {"model": "admin.logentry", "pk": 203, "fields": {"action_time": "2021-07-03T19:17:42.171Z", "user": 1, "content_type": 16, "object_id": "32", "object_repr": "pk", "action_flag": 3, "change_message": ""}}, {"model": "admin.logentry", "pk": 204, "fields": {"action_time": "2021-07-03T19:54:05.810Z", "user": 1, "content_type": 14, "object_id": "97", "object_repr": "pk", "action_flag": 3, "change_message": ""}}, {"model": "admin.logentry", "pk": 205, "fields": {"action_time": "2021-07-03T19:54:05.837Z", "user": 1, "content_type": 14, "object_id": "100", "object_repr": "vvvvvvvv", "action_flag": 3, "change_message": ""}}, {"model": "admin.logentry", "pk": 206, "fields": {"action_time": "2021-07-03T19:54:05.872Z", "user": 1, "content_type": 14, "object_id": "99", "object_repr": "xxx", "action_flag": 3, "change_message": ""}}, {"model": "admin.logentry", "pk": 207, "fields": {"action_time": "2021-07-03T19:54:05.895Z", "user": 1, "content_type": 14, "object_id": "98", "object_repr": "xxx", "action_flag": 3, "change_message": ""}}, {"model": "admin.logentry", "pk": 208, "fields": {"action_time": "2021-07-03T19:54:05.919Z", "user": 1, "content_type": 14, "object_id": "101", "object_repr": "yyyy", "action_flag": 3, "change_message": ""}}, {"model": "admin.logentry", "pk": 209, "fields": {"action_time": "2021-07-03T21:02:35.475Z", "user": 1, "content_type": 14, "object_id": "103", "object_repr": "formsubmit", "action_flag": 3, "change_message": ""}}, {"model": "admin.logentry", "pk": 210, "fields": {"action_time": "2021-07-03T21:02:35.501Z", "user": 1, "content_type": 14, "object_id": "102", "object_repr": "pro", "action_flag": 3, "change_message": ""}}, {"model": "admin.logentry", "pk": 211, "fields": {"action_time": "2021-07-03T21:57:14.333Z", "user": 1, "content_type": 14, "object_id": "108", "object_repr": "alert", "action_flag": 3, "change_message": ""}}, {"model": "admin.logentry", "pk": 212, "fields": {"action_time": "2021-07-03T21:57:14.370Z", "user": 1, "content_type": 14, "object_id": "107", "object_repr": "confirm", "action_flag": 3, "change_message": ""}}, {"model": "admin.logentry", "pk": 213, "fields": {"action_time": "2021-07-03T21:57:14.404Z", "user": 1, "content_type": 14, "object_id": "106", "object_repr": "docformsub", "action_flag": 3, "change_message": ""}}, {"model": "admin.logentry", "pk": 214, "fields": {"action_time": "2021-07-03T21:57:14.427Z", "user": 1, "content_type": 14, "object_id": "104", "object_repr": "formsub", "action_flag": 3, "change_message": ""}}, {"model": "admin.logentry", "pk": 215, "fields": {"action_time": "2021-07-03T21:57:14.460Z", "user": 1, "content_type": 14, "object_id": "105", "object_repr": "jsform", "action_flag": 3, "change_message": ""}}, {"model": "admin.logentry", "pk": 216, "fields": {"action_time": "2021-07-03T21:57:14.483Z", "user": 1, "content_type": 14, "object_id": "109", "object_repr": "new js", "action_flag": 3, "change_message": ""}}, {"model": "admin.logentry", "pk": 217, "fields": {"action_time": "2021-07-04T16:32:08.647Z", "user": 1, "content_type": 14, "object_id": "110", "object_repr": "message", "action_flag": 3, "change_message": ""}}, {"model": "admin.logentry", "pk": 218, "fields": {"action_time": "2021-07-04T16:32:08.675Z", "user": 1, "content_type": 14, "object_id": "113", "object_repr": "nnn", "action_flag": 3, "change_message": ""}}, {"model": "admin.logentry", "pk": 219, "fields": {"action_time": "2021-07-04T16:32:08.710Z", "user": 1, "content_type": 14, "object_id": "112", "object_repr": "signal 2", "action_flag": 3, "change_message": ""}}, {"model": "admin.logentry", "pk": 220, "fields": {"action_time": "2021-07-04T16:32:08.744Z", "user": 1, "content_type": 14, "object_id": "111", "object_repr": "signal test", "action_flag": 3, "change_message": ""}}, {"model": "admin.logentry", "pk": 221, "fields": {"action_time": "2021-07-04T16:44:17.178Z", "user": 1, "content_type": 16, "object_id": "45", "object_repr": "Cheeze Wizz", "action_flag": 2, "change_message": "[{\"changed\": {\"fields\": [\"Name\"]}}]"}}, {"model": "admin.logentry", "pk": 222, "fields": {"action_time": "2021-07-04T16:44:22.880Z", "user": 1, "content_type": 16, "object_id": "45", "object_repr": "Cheeze Wizz", "action_flag": 2, "change_message": "[]"}}, {"model": "admin.logentry", "pk": 223, "fields": {"action_time": "2021-07-04T18:06:20.065Z", "user": 1, "content_type": 14, "object_id": "117", "object_repr": "Cheeze Wizz", "action_flag": 3, "change_message": ""}}, {"model": "admin.logentry", "pk": 224, "fields": {"action_time": "2021-07-04T18:06:20.102Z", "user": 1, "content_type": 14, "object_id": "115", "object_repr": "Vanilla Dream", "action_flag": 3, "change_message": ""}}, {"model": "admin.logentry", "pk": 225, "fields": {"action_time": "2021-07-04T18:06:20.137Z", "user": 1, "content_type": 14, "object_id": "114", "object_repr": "Vanilla Dream", "action_flag": 3, "change_message": ""}}, {"model": "admin.logentry", "pk": 226, "fields": {"action_time": "2021-07-04T18:06:20.160Z", "user": 1, "content_type": 14, "object_id": "116", "object_repr": "buns", "action_flag": 3, "change_message": ""}}, {"model": "admin.logentry", "pk": 227, "fields": {"action_time": "2021-07-04T18:06:20.183Z", "user": 1, "content_type": 14, "object_id": "118", "object_repr": "morebuns", "action_flag": 3, "change_message": ""}}, {"model": "admin.logentry", "pk": 228, "fields": {"action_time": "2021-07-08T20:11:19.816Z", "user": 1, "content_type": 22, "object_id": "1", "object_repr": "Justine", "action_flag": 3, "change_message": ""}}, {"model": "admin.logentry", "pk": 229, "fields": {"action_time": "2021-07-10T15:35:07.121Z", "user": 1, "content_type": 13, "object_id": "3", "object_repr": "desserts", "action_flag": 2, "change_message": "[{\"changed\": {\"fields\": [\"Name\", \"Friendly name\"]}}]"}}, {"model": "admin.logentry", "pk": 230, "fields": {"action_time": "2021-07-10T16:32:48.108Z", "user": 1, "content_type": 13, "object_id": "5", "object_repr": "buns", "action_flag": 3, "change_message": ""}}, {"model": "admin.logentry", "pk": 231, "fields": {"action_time": "2021-07-10T16:33:17.042Z", "user": 1, "content_type": 13, "object_id": "13", "object_repr": "tray_bakes", "action_flag": 3, "change_message": ""}}, {"model": "admin.logentry", "pk": 232, "fields": {"action_time": "2021-07-10T16:34:19.660Z", "user": 1, "content_type": 13, "object_id": "8", "object_repr": "creamy_treats", "action_flag": 2, "change_message": "[{\"changed\": {\"fields\": [\"Name\", \"Friendly name\"]}}]"}}, {"model": "admin.logentry", "pk": 233, "fields": {"action_time": "2021-07-10T16:47:15.847Z", "user": 1, "content_type": 13, "object_id": "14", "object_repr": "office_box", "action_flag": 2, "change_message": "[{\"changed\": {\"fields\": [\"Name\", \"Friendly name\"]}}]"}}, {"model": "admin.logentry", "pk": 234, "fields": {"action_time": "2021-07-10T16:47:40.979Z", "user": 1, "content_type": 13, "object_id": "11", "object_repr": "creamcake_box", "action_flag": 2, "change_message": "[{\"changed\": {\"fields\": [\"Name\", \"Friendly name\"]}}]"}}, {"model": "admin.logentry", "pk": 235, "fields": {"action_time": "2021-07-10T16:48:16.431Z", "user": 1, "content_type": 13, "object_id": "10", "object_repr": "breakfast_box", "action_flag": 2, "change_message": "[{\"changed\": {\"fields\": [\"Name\", \"Friendly name\"]}}]"}}, {"model": "admin.logentry", "pk": 236, "fields": {"action_time": "2021-07-10T16:48:33.752Z", "user": 1, "content_type": 13, "object_id": "8", "object_repr": "creamy_treats", "action_flag": 2, "change_message": "[{\"changed\": {\"fields\": [\"Friendly name\"]}}]"}}, {"model": "admin.logentry", "pk": 237, "fields": {"action_time": "2021-07-11T21:42:00.579Z", "user": 1, "content_type": 14, "object_id": "3", "object_repr": "Berry Cheesecake", "action_flag": 2, "change_message": "[{\"changed\": {\"fields\": [\"Allergens\"]}}]"}}, {"model": "admin.logentry", "pk": 238, "fields": {"action_time": "2021-07-11T21:42:28.987Z", "user": 1, "content_type": 14, "object_id": "1", "object_repr": "Chocolate Berry Cake", "action_flag": 2, "change_message": "[{\"changed\": {\"fields\": [\"Allergens\"]}}]"}}, {"model": "admin.logentry", "pk": 239, "fields": {"action_time": "2021-07-11T21:43:23.067Z", "user": 1, "content_type": 14, "object_id": "6", "object_repr": "Chocolate Chip Cookies", "action_flag": 2, "change_message": "[{\"changed\": {\"fields\": [\"Allergens\"]}}]"}}, {"model": "admin.logentry", "pk": 240, "fields": {"action_time": "2021-07-13T15:38:43.254Z", "user": 1, "content_type": 18, "object_id": "58", "object_repr": "9D940C5A23554EF3AE429B35071DFAC6", "action_flag": 3, "change_message": ""}}, {"model": "admin.logentry", "pk": 241, "fields": {"action_time": "2021-07-13T15:38:43.282Z", "user": 1, "content_type": 18, "object_id": "57", "object_repr": "AF70809A867843938075F539A7E6ACBC", "action_flag": 3, "change_message": ""}}, {"model": "admin.logentry", "pk": 242, "fields": {"action_time": "2021-07-13T15:38:43.319Z", "user": 1, "content_type": 18, "object_id": "56", "object_repr": "0A6A9C8E08E44C01B4308CC2E10C066E", "action_flag": 3, "change_message": ""}}, {"model": "admin.logentry", "pk": 243, "fields": {"action_time": "2021-07-13T15:38:43.344Z", "user": 1, "content_type": 18, "object_id": "55", "object_repr": "1002B47B10F046349654B2E25EEBD142", "action_flag": 3, "change_message": ""}}, {"model": "admin.logentry", "pk": 244, "fields": {"action_time": "2021-07-13T15:38:43.380Z", "user": 1, "content_type": 18, "object_id": "54", "object_repr": "2FDDFAF5D86F4B01834C9160F004380E", "action_flag": 3, "change_message": ""}}, {"model": "admin.logentry", "pk": 245, "fields": {"action_time": "2021-07-13T15:38:43.404Z", "user": 1, "content_type": 18, "object_id": "53", "object_repr": "CAA7240529A7482B8FD7B1E9EE136A05", "action_flag": 3, "change_message": ""}}, {"model": "admin.logentry", "pk": 246, "fields": {"action_time": "2021-07-13T15:38:43.440Z", "user": 1, "content_type": 18, "object_id": "52", "object_repr": "5F9A52E9642E4E459D273A662A8296D4", "action_flag": 3, "change_message": ""}}, {"model": "admin.logentry", "pk": 247, "fields": {"action_time": "2021-07-13T15:38:43.464Z", "user": 1, "content_type": 18, "object_id": "51", "object_repr": "7064BB771E8244EC9B43D94555001F8B", "action_flag": 3, "change_message": ""}}, {"model": "admin.logentry", "pk": 248, "fields": {"action_time": "2021-07-13T15:38:43.501Z", "user": 1, "content_type": 18, "object_id": "50", "object_repr": "89BBA4842814432EBE597824B6BDBEFF", "action_flag": 3, "change_message": ""}}, {"model": "admin.logentry", "pk": 249, "fields": {"action_time": "2021-07-13T15:38:43.537Z", "user": 1, "content_type": 18, "object_id": "49", "object_repr": "3BB028EC33EF42C984385306D25400B6", "action_flag": 3, "change_message": ""}}, {"model": "admin.logentry", "pk": 250, "fields": {"action_time": "2021-07-13T15:38:43.573Z", "user": 1, "content_type": 18, "object_id": "48", "object_repr": "E278D4077DB2464C87AF70AF9593B77B", "action_flag": 3, "change_message": ""}}, {"model": "admin.logentry", "pk": 251, "fields": {"action_time": "2021-07-13T15:38:43.608Z", "user": 1, "content_type": 18, "object_id": "47", "object_repr": "35F6E48B324D42A097293182507887D6", "action_flag": 3, "change_message": ""}}, {"model": "admin.logentry", "pk": 252, "fields": {"action_time": "2021-07-13T15:38:43.632Z", "user": 1, "content_type": 18, "object_id": "46", "object_repr": "2AFB7DC9472E4F4B863745E7360679A8", "action_flag": 3, "change_message": ""}}, {"model": "admin.logentry", "pk": 253, "fields": {"action_time": "2021-07-13T15:38:43.656Z", "user": 1, "content_type": 18, "object_id": "45", "object_repr": "AFFBB04A0F37447A97DC609F9B160DF4", "action_flag": 3, "change_message": ""}}, {"model": "admin.logentry", "pk": 254, "fields": {"action_time": "2021-07-13T15:38:43.680Z", "user": 1, "content_type": 18, "object_id": "44", "object_repr": "1F92F53A98CA415F9D442217AE8DB4AF", "action_flag": 3, "change_message": ""}}, {"model": "admin.logentry", "pk": 255, "fields": {"action_time": "2021-07-13T15:38:43.704Z", "user": 1, "content_type": 18, "object_id": "43", "object_repr": "FE2BE4D66A50416EB01A1A431826CC89", "action_flag": 3, "change_message": ""}}, {"model": "admin.logentry", "pk": 256, "fields": {"action_time": "2021-07-13T15:38:43.729Z", "user": 1, "content_type": 18, "object_id": "42", "object_repr": "4CC9A9374CA94493BB461706ED369631", "action_flag": 3, "change_message": ""}}, {"model": "admin.logentry", "pk": 257, "fields": {"action_time": "2021-07-13T15:38:43.765Z", "user": 1, "content_type": 18, "object_id": "41", "object_repr": "E6ABEFD3A4344E7BAED33B034820637D", "action_flag": 3, "change_message": ""}}, {"model": "admin.logentry", "pk": 258, "fields": {"action_time": "2021-07-13T15:38:43.802Z", "user": 1, "content_type": 18, "object_id": "38", "object_repr": "A332BB2ACF264D7680422FAE2EF0D3F4", "action_flag": 3, "change_message": ""}}, {"model": "admin.logentry", "pk": 259, "fields": {"action_time": "2021-07-13T15:40:14.593Z", "user": 1, "content_type": 22, "object_id": "8", "object_repr": "test", "action_flag": 3, "change_message": ""}}, {"model": "admin.logentry", "pk": 260, "fields": {"action_time": "2021-07-13T15:40:14.635Z", "user": 1, "content_type": 22, "object_id": "7", "object_repr": "test", "action_flag": 3, "change_message": ""}}, {"model": "admin.logentry", "pk": 261, "fields": {"action_time": "2021-07-13T15:40:14.670Z", "user": 1, "content_type": 22, "object_id": "5", "object_repr": "id go", "action_flag": 3, "change_message": ""}}, {"model": "admin.logentry", "pk": 262, "fields": {"action_time": "2021-07-13T15:40:14.709Z", "user": 1, "content_type": 22, "object_id": "4", "object_repr": "test5", "action_flag": 3, "change_message": ""}}, {"model": "admin.logentry", "pk": 263, "fields": {"action_time": "2021-07-13T15:40:14.771Z", "user": 1, "content_type": 22, "object_id": "3", "object_repr": "testnew", "action_flag": 3, "change_message": ""}}, {"model": "admin.logentry", "pk": 264, "fields": {"action_time": "2021-07-13T15:40:14.806Z", "user": 1, "content_type": 22, "object_id": "2", "object_repr": "test", "action_flag": 3, "change_message": ""}}, {"model": "admin.logentry", "pk": 265, "fields": {"action_time": "2021-07-13T15:41:05.219Z", "user": 1, "content_type": 21, "object_id": "13", "object_repr": "xxx", "action_flag": 3, "change_message": ""}}, {"model": "admin.logentry", "pk": 266, "fields": {"action_time": "2021-07-13T15:41:05.265Z", "user": 1, "content_type": 21, "object_id": "12", "object_repr": "ccccccc", "action_flag": 3, "change_message": ""}}, {"model": "admin.logentry", "pk": 267, "fields": {"action_time": "2021-07-13T15:41:05.303Z", "user": 1, "content_type": 21, "object_id": "11", "object_repr": "ccccccc", "action_flag": 3, "change_message": ""}}, {"model": "admin.logentry", "pk": 268, "fields": {"action_time": "2021-07-13T15:41:05.343Z", "user": 1, "content_type": 21, "object_id": "10", "object_repr": "cccccccc", "action_flag": 3, "change_message": ""}}, {"model": "admin.logentry", "pk": 269, "fields": {"action_time": "2021-07-13T15:41:05.383Z", "user": 1, "content_type": 21, "object_id": "9", "object_repr": "cccccc", "action_flag": 3, "change_message": ""}}, {"model": "admin.logentry", "pk": 270, "fields": {"action_time": "2021-07-13T15:41:05.432Z", "user": 1, "content_type": 21, "object_id": "8", "object_repr": "cccccccc", "action_flag": 3, "change_message": ""}}, {"model": "admin.logentry", "pk": 271, "fields": {"action_time": "2021-07-13T15:41:05.495Z", "user": 1, "content_type": 21, "object_id": "7", "object_repr": "c", "action_flag": 3, "change_message": ""}}, {"model": "admin.logentry", "pk": 272, "fields": {"action_time": "2021-07-13T15:41:05.547Z", "user": 1, "content_type": 21, "object_id": "6", "object_repr": "ccc", "action_flag": 3, "change_message": ""}}, {"model": "admin.logentry", "pk": 273, "fields": {"action_time": "2021-07-13T15:41:05.594Z", "user": 1, "content_type": 21, "object_id": "5", "object_repr": "xxx", "action_flag": 3, "change_message": ""}}, {"model": "admin.logentry", "pk": 274, "fields": {"action_time": "2021-07-13T15:41:05.644Z", "user": 1, "content_type": 21, "object_id": "4", "object_repr": "cc", "action_flag": 3, "change_message": ""}}, {"model": "auth.user", "pk": 1, "fields": {"password": "pbkdf2_sha256$260000$anGT2czJmkLPTCbjzRSW3f$mhNsu38BoV9YMxB5/XhatZdgFAR3qzT+K3X8N8qsrHY=", "last_login": "2021-07-13T15:34:23.650Z", "is_superuser": true, "username": "zink", "first_name": "", "last_name": "", "email": "zink@zink.com", "is_staff": true, "is_active": true, "date_joined": "2021-06-02T14:58:25.021Z", "groups": [], "user_permissions": []}}, {"model": "auth.user", "pk": 2, "fields": {"password": "pbkdf2_sha256$260000$puhKzP8POIsIRrFIoEqk5u$jDJLaj/dN0PbNjrJBE9whX2UeswFv4OCJ5ywbIlt0uw=", "last_login": "2021-06-27T16:55:11.023Z", "is_superuser": false, "username": "testytest", "first_name": "", "last_name": "", "email": "test@test.com", "is_staff": false, "is_active": true, "date_joined": "2021-06-27T16:51:56.813Z", "groups": [], "user_permissions": []}}, {"model": "auth.user", "pk": 3, "fields": {"password": "pbkdf2_sha256$260000$aFCUpTSxJlIqlxOD7XwiRM$VT/YlIuHls8C/RrMIba5JhKfORkaPOauMQPUdYxwtnY=", "last_login": "2021-07-11T18:11:52.660Z", "is_superuser": false, "username": "testytest1", "first_name": "", "last_name": "", "email": "test1@test.com", "is_staff": false, "is_active": true, "date_joined": "2021-06-27T17:00:47.653Z", "groups": [], "user_permissions": []}}, {"model": "auth.user", "pk": 4, "fields": {"password": "pbkdf2_sha256$260000$QnzMbItnOtK8RWbQNrrWpM$YpC6SzowTEUeoDe1Hp7oTehLGbhWFQPzm6ndwez6RuA=", "last_login": "2021-06-30T20:23:29.287Z", "is_superuser": true, "username": "tutorman", "first_name": "", "last_name": "", "email": "tutorman@ci.net", "is_staff": true, "is_active": true, "date_joined": "2021-06-30T20:23:08.645Z", "groups": [], "user_permissions": []}}, {"model": "sessions.session", "pk": "0c93f7t0lbxcryj45alehxtu6v7a5lt2", "fields": {"session_data": ".eJx9js1qwzAQhN9FZyNWlqUoPvaeZxAraWWr9Q9YNoUGv3tlGkLaklwWdubb2bkyi9va2y3TYlNgLROsetQc-g-aDiO849TN3M_TuiTHD4Tf3Mwvc6Dh7cb-Cugx9-WajPdCRRFDVEo0EPS5QWiM0gEbLePpFKUDI8tQENBJEY2jaKLWZ_IEJdRhx9prKVhGWmnM9jOVLzl90SHlEYfBCsUBWCsqNlJI22jruzDg0pFV8LPve8XqJ1F_Tg9UPkH_h6qXZA0PqIDXBeS9wL5_A98WiX8:1lubKd:0i_nELigCJmjtQ4iVMEg8qD9Qu1QJuIRepIJrGsT7Hs", "expire_date": "2021-07-03T13:48:19.272Z"}}, {"model": "sessions.session", "pk": "15d6jpef2egfys6ytnyzylp56gu3ify7", "fields": {"session_data": "eyJiYWciOnsiMyI6Mn19:1ltaDo:gUDVUZCAVVuuHSEAAx30mNVq6jME9Gu8FXj_VMZYNVU", "expire_date": "2021-06-30T18:25:04.621Z"}}, {"model": "sessions.session", "pk": "1snhe2xn9n5c2prs7xylrc0oonuzzc8b", "fields": {"session_data": "eyJiYWciOnsiMSI6Mn19:1ltXh9:aLU5tCSCF95-w5n1DsQm5JenKXv79EKD0xxr6sANO0w", "expire_date": "2021-06-30T15:43:11.350Z"}}, {"model": "sessions.session", "pk": "1ud62vrv6k7fuakuzxahzf10xuu4xahr", "fields": {"session_data": ".eJyrVkpKTFeyqlYyVLIyNNRRMlKyMtJRMgaT5iDxzJLU3OL48sySjPi0_KLizAqQIJBlZBJvbKBnYKBkZawD4hsaxRtB-EY6cHkUjh6cC1arZGVSCwQA2nkjDQ:1ltI1d:YCCQ74lDoRrRlMUtw5HWpcnq4X-BEzBvEnVHw8zPRpk", "expire_date": "2021-06-29T22:59:17.474Z"}}, {"model": "sessions.session", "pk": "2xrzvrypwi5lqm35n768nu6jjw9pcdpf", "fields": {"session_data": ".eJxdjcluhDAQRP-lzxbygo2HY-75BstLG5ywSBiUKCP-PTYzOUwupe5XXdV3cHaA_g5dlbTjnM1X2kcT1y2n7wrLpAzjDaXQC1JXxg2n187PkwD7F83pByvKs50mw-RfcsaQjtnwB2AEJrsNaOSjitUqfnF1qYReERDVIWDsUZqPjJtJAfry84U56z9xqUb4sMuwNn5d9i25pp40Tzc372vA6e15-1Iw2jyWNGrvmYwshigla2lQt9bSVksVbKtE7LooHNWiiKTBOsGidhh1VOqGHimcvzuDZ5Y:1lsoU9:o2JufHOt9YPX4Biq1GuNzDHua4x-DfkooQTTCWdrbMk", "expire_date": "2021-06-28T15:26:45.698Z"}}, {"model": "sessions.session", "pk": "34egj0rdvogxic4ve2lt9jgxsmiw5v1l", "fields": {"session_data": ".eJxVjMsKwyAURP_lroMoPmJddt9vEB_XxLZoiQm0hPx7E8ii3cxi5sxZwbplHu3ScLI5ggEG3W_nXXhgOYZ4d2WoJNQyT9mTAyHn2sitRnxeT_ZPMLo27m_UITCZWIpJSiZoVBfhqNBSRScUT32fuKea7yFpdJ6zpD0mnZS6YEB6SBu2lmux-H7l6QOGduDdAGYFxsGwbfsCaeVDUw:1lyO5p:PLOsVL15Oxc3JGxvUIfPMBLX-_DQU3-oQTCsIDHHW1I", "expire_date": "2021-07-14T00:28:41.072Z"}}, {"model": "sessions.session", "pk": "36n1jhatwdn2niwby4kzzd3yf1kp6b7g", "fields": {"session_data": ".eJxVjMsOwiAURP-FtSEQHqVduvcbCHDvtagBU9qkxvjvtkkXupnFzJnzZj4s8-iXhpPPwAYm2em3iyHdsewD3EK5Vp5qmacc-Y7wY238UgEf54P9E4yhjdsbXUrSkCQgY6QWYHsdhHbGQtBWUdeRisKpLYyAEJUkF5EcWdtjQrFLG7aWa_G4PvP0YoP4fAGWkD90:1m2jGh:M8FMfBj-ndNsuLpHwRfj_-tgBZY-q7DDnIuEmMtslsY", "expire_date": "2021-07-25T23:53:51.742Z"}}, {"model": "sessions.session", "pk": "3iho4maqpw2lr7qywhxfmtppj0b96usa", "fields": {"session_data": ".eJxVjDsOwyAQRK8SUUcIxMc4ZfqcAS2wGzsfkAxWiih3D5ZcJM0UM2_em3lY2-TXioufEzsxyY6_XYB4x7wN6Qb5WngsuS1z4BvC97XyS0n4OO_sn2CCOvU3uhilIUmJjJFaJDtqENoZm0BbRcNAKginehiRIChJLiA5snbEiKJLM758hid2W8PaDluwzxdOJkAP:1lylU1:svrt8UmXOp59A2r-WP_Jcf49DPfPSZxV2P4NnHU7fs0", "expire_date": "2021-07-15T01:27:13.700Z"}}, {"model": "sessions.session", "pk": "533rsikqikbxmuxffmr7cc0fwihrlbeq", "fields": {"session_data": ".eJxljtFqwzAMRf9FzyHYsZPUftz7vsHIltJ4S-1iJ11H2b8vGWUwJoQQ515d9AAMIW9pdTcucYpMji8YF7BpW5bmV90qF7CgoAGH2zr_ABfpP_MY3jkdAr1hOuc25LSW6NvD0j7V2r5m4uXl6f0TMGOd92szehp1j1pp3_OpYzN4JSR1wpMyGgNJMgH7UxjJ7M1aYeflqIwZFInhCK1ca8zJ8f0ayydY0UDFG7uYpgx2LRs34PEM9gHjMeLKl-o-4v7KlEuN9wPum-ycHFohwMqvvb4BU8Nndg:1lxf0c:aufnmpzm2mk04gnWPq6GDz9nk-TZ3MOutFOnn3giD6E", "expire_date": "2021-07-12T00:20:18.033Z"}}, {"model": "sessions.session", "pk": "5tr9fg0zyyplhmwhs0fmqmse45kgf25d", "fields": {"session_data": ".eJxVjMEKwjAQRP8lZwlpN226Hr37DWGTXWxUEmlaUMR_t4UeFOY08-a9ladlHv1SZfKJ1VGBOvx2geJN8jbwlfKl6FjyPKWgN0Tva9XnwnI_7eyfYKQ6rm90gZ3tyIINnQytYB_ANNyawICWIjeMkbohOsY1YoHa0DhA7IFNv0mr1JpK9vJ8pOmljubzBYbJPu0:1m2MtF:DxngM_wxo4rrOmH-7z_-TEp0zGXvvTgm_YFzQLJZYm0", "expire_date": "2021-07-25T00:00:09.274Z"}}, {"model": "sessions.session", "pk": "74h689q23u7a328igxf2y5wrdsyyhgwi", "fields": {"session_data": "eyJiYWciOnsiMSI6Mn19:1ltc4v:yg_FWXoM-oAJhBQJEkW6U6oNozecxvN72v8Eb-qRwyA", "expire_date": "2021-06-30T20:24:01.913Z"}}, {"model": "sessions.session", "pk": "83chrh46qd7yk05y4rwzqfaxyy9o7xqx", "fields": {"session_data": "eyJhY2NvdW50X3ZlcmlmaWVkX2VtYWlsIjpudWxsLCJhY2NvdW50X3VzZXIiOiIyIn0:1lxY3q:U1KPwBCBeA3Wg1FY2pfF9iaptPAys-hUecl7ZBQJF_M", "expire_date": "2021-07-11T16:55:10.955Z"}}, {"model": "sessions.session", "pk": "8jkjvzxw9jhgcpvnwuy6o8x1jwepe7uq", "fields": {"session_data": ".eJxVjMsOwiAURP-FtSEQHqVduvcbCHDvtagBU9qkxvjvtkkXupnFzJnzZj4s8-iXhpPPwAYm2em3iyHdsewD3EK5Vp5qmacc-Y7wY238UgEf54P9E4yhjdsbXUrSkCQgY6QWYHsdhHbGQtBWUdeRisKpLYyAEJUkF5EcWdtjQrFLG7aWa_G4PvP0YoP4fAGWkD90:1m1IgT:rHzJko52TmVQUOB4Q4VEfVyLSv7VJEoow3h9CkKhE6M", "expire_date": "2021-07-22T01:18:33.720Z"}}, {"model": "sessions.session", "pk": "8o270l5c3lop57uw920nt9fmbc37nxxi", "fields": {"session_data": "eyJiYWciOnsiMSI6M319:1ltXcM:sSHos2dlY-nYwXn55BoG-Eu2RS-QNIzAIntmAcBrBV8", "expire_date": "2021-06-30T15:38:14.975Z"}}, {"model": "sessions.session", "pk": "9tvlygpoqker6ex9few36pkoqsm74ror", "fields": {"session_data": ".eJxVjMsOwiAURP-FtSEQHqVduvcbCHDvtagBU9qkxvjvtkkXupnFzJnzZj4s8-iXhpPPwAYm2em3iyHdsewD3EK5Vp5qmacc-Y7wY238UgEf54P9E4yhjdsbXUrSkCQgY6QWYHsdhHbGQtBWUdeRisKpLYyAEJUkF5EcWdtjQrFLG7aWa_G4PvP0YoP4fAGWkD90:1loTmA:FAplUtgC4nacVVe0gpd5Sx6FtzZCjaLKWN_lzfcb00g", "expire_date": "2021-06-16T16:31:26.053Z"}}, {"model": "sessions.session", "pk": "9u4z6t9k5fbo42y6ecqnhhu3faea1799", "fields": {"session_data": ".eJyrVkpKTFeyqlYyVLIy11EyBzEzS1Jzi-PLM0sy4tPyi4ozK0CCQJahUbyRgZ6BgZKVaW2tjpIZAbWmYKUmtUAAAHCsILQ:1ltaVP:R0iACeN_bz7O95HYFc0ucnV-1_heN7S7GrAvOhwLD3s", "expire_date": "2021-06-30T18:43:15.912Z"}}, {"model": "sessions.session", "pk": "a0fa2msldultb1x8lrykb8ym75rh0l7v", "fields": {"session_data": ".eJxVjc0OwiAQhN-Fc0MgFEp79O4zkAV2Lf6AKW3UGN_dNulBL3OY-WbmzRws8-iWipNLkQ1MsubX8xAumLcgniGfCg8lz1PyfEP4nlZ-LBGvh539GxihjmsbbQhSk6RIWstWRNO3IFqrTYTWKOo6Ul5YtYoWEbySZD2SJWN6DCi20Yq1ppIdPu9perFBNCzjw2W44frgl1zZ5wtCR0Vk:1lymHU:rNIIG8jqQR89p9SbN_FZ2zNTJr1Pq2XXeHlPxwVA3CM", "expire_date": "2021-07-15T02:18:20.851Z"}}, {"model": "sessions.session", "pk": "a0xf6glw2fhdw2skolwekm2q7hrrrhhi", "fields": {"session_data": "eyJiYWciOnsiMiI6eyJpdGVtc193aXRoX3NpemUiOnsibWVkaXVtXzQwLjAwIjoxfX19fQ:1luIaR:R9gh4NDiUWv0hD8_RFL39hVg_J45qZlBhKayBSyn5_s", "expire_date": "2021-07-02T17:47:23.462Z"}}, {"model": "sessions.session", "pk": "aoy45qbz1gequ73n1kwel807f24uzzis", "fields": {"session_data": ".eJxVjMsOwiAURP-FtSEQHqVduvcbCHDvtagBU9qkxvjvtkkXupnFzJnzZj4s8-iXhpPPwAYm2em3iyHdsewD3EK5Vp5qmacc-Y7wY238UgEf54P9E4yhjdsbXUrSkCQgY6QWYHsdhHbGQtBWUdeRisKpLYyAEJUkF5EcWdtjQrFLG7aWa_G4PvP0YoP4fAGWkD90:1m1GkB:fq3Znpz4d_gkzV6vKiGbcMNVQjaY8i2axW-01KGUThU", "expire_date": "2021-07-21T23:14:15.561Z"}}, {"model": "sessions.session", "pk": "bi7xdi5e90e3x8otzk50x6d0k6txl080", "fields": {"session_data": "eyJiYWciOnsiNyI6eyJpdGVtc193aXRoX2ZvcnNpeCI6eyJmb3IxMl8yMC4wMCI6MX19fX0:1ltwga:eKLks4Qon0FKBKiGF9_DpWprB-oSeMUiqYHLc5M3RCs", "expire_date": "2021-07-01T18:24:16.663Z"}}, {"model": "sessions.session", "pk": "c6tj4nsugbzgoxyz36r142yv77sulecb", "fields": {"session_data": ".eJxVjDsOgzAQRO-ytWXZ8QfjMn3OgNafBZIIJAwV4u4xEQ3NaDTzZnYI2IPfQYI3DDR4xcCClwyav39UfzDocFuHbit56cYEvuK3LGD85Oks0hunfuZxntZlDPxE-NUW_ppT_j4v9nYwYBnqOrsYpSFJiYyRWiTbahTaGZtQW0VNQyoIp6oYkTAoSS5kcmRtm2MWcPwA5GZAKg:1lrjwp:UqXba29fR6evRppqEDtB0pQbDfldbtpN5XHyQU1EPiE", "expire_date": "2021-06-25T16:23:55.815Z"}}, {"model": "sessions.session", "pk": "ckn6ywiqi1kxecmd9oob8rkod0hqhw2a", "fields": {"session_data": ".eJyrVkpKTFeyqlYyBxGZJam5xfHlmSUZ8Wn5RcWZFSBBIMss3tBIz8BAycqotlZHyQyfUiOTeEMDhFojNLXFmVWpIKHi3MScnHgjU7BKEx2lnMSi9NR4M7jO2loAQPwxmg:1ltcgY:NudZBO8aCpM8uO2WReqL37d4G1p6HKjVazuxRo_CEr8", "expire_date": "2021-06-30T21:02:54.337Z"}}, {"model": "sessions.session", "pk": "dm3xo40sfcpjkny6khlk3ahpsnjf89kt", "fields": {"session_data": ".eJx1jcFuwyAQRP-Fc4TAGEx8zL3fgBbYtWliWzK2WjXyvxeqREor9TJazbyduTMH-za6PePqUmQ9k-z06nkIV5xrEN9hHhYelnlbk-cV4Y8087cl4u3yYH8VjJDH8o02BKlJUiStZSuiObcgWqtNhNYo6jpSXlhVRIsIXkmyHsmSMWcMKEqph4H1d6aqpA2n7D5SWcnpC6s1YUz75BrNhWC9PI4Ta_5Bb7AO6LT4IZtKdn9IWtacPqtZLtk4aZ6tx_EN8x9k3g:1lukHD:DuSj8ewP2gV5RILe7SuefVQkefroxnnVY5EHVauL1M4", "expire_date": "2021-07-03T23:21:23.573Z"}}, {"model": "sessions.session", "pk": "ds1499dmgw2r44c053539m8lv672epmc", "fields": {"session_data": "eyJiYWciOnsiMyI6MX19:1ltc03:X-Y4ZCeRQRONS6CeHdQ5Cbqq8_yZO28k5PjmaWC5TB8", "expire_date": "2021-06-30T20:18:59.632Z"}}, {"model": "sessions.session", "pk": "e2yed261gdfvvj584oa15llcfcene7zx", "fields": {"session_data": ".eJyrVkpKTFeyqlYyBxGZJam5xfHlmSUZ8Wn5RcWZFSBBIMvQKN7IQM_AQMnKuLZWR8kITW1xZlUqSCg3NSWzNDfeBKLUCKTUGL9SI1OwUsNaIAAAf1kt5g:1luHie:IpJ4ItJeL1WN8ffhHHaYmQszT7dSXzZQa874LaTGhRg", "expire_date": "2021-07-02T16:51:48.632Z"}}, {"model": "sessions.session", "pk": "e7p4c4ktplgvkcy54wlm5iq08u952ciy", "fields": {"session_data": "e30:1lxXkf:1FMqcQ_XyTJu034M9ozYHz6tgMvxmhFQWedgT1_IqG0", "expire_date": "2021-07-11T16:35:21.133Z"}}, {"model": "sessions.session", "pk": "ellx63gocu94xuiy35q1x1g93ptbup54", "fields": {"session_data": "eyJiYWciOnsiMiI6Mn19:1ltYBL:oFe35gtgavbr-Bp7MmKdnVqTfLjDW9vtQJZv4qhLOYY", "expire_date": "2021-06-30T16:14:23.343Z"}}, {"model": "sessions.session", "pk": "emae0x9pyj3pu5wp3uwgv2glycok06z6", "fields": {"session_data": ".eJyrVkpKTFeyqlYyVLIy11EyUrIy1lEyVrIy1VEyBwlnlqTmFseXZ5ZkxKflFxVnVoAEgSxDo3gjAz0DA6Cu2lodJTMCak3BSo10QFyzeGMIrxYIAFy6Jk4:1ltKnZ:DZ7NB26uVL0gulthWy20dA_JhrSTTlT7g1RooQXlMEY", "expire_date": "2021-06-30T01:56:57.235Z"}}, {"model": "sessions.session", "pk": "eu70qfl4g30igtsjrsk6wi09wr6qtewt", "fields": {"session_data": ".eJxdjEEKgCAUBe_y1xJmVuBlxMjsgxKoUSTePa1WbR7DwLwEkzIgEvR1MGoX5IFxlQEvXZVV3mjJKG0oBdGRT4BgBIJT1hZsCTg94-4q50xg_J0tmw94VlloYPypCzIuu_e4ZDnffugskQ:1lss9S:xJdPEr3qJPoMEp68_Te0a1N60z8KhWsi9ToIXgpkW3Y", "expire_date": "2021-06-28T19:21:38.829Z"}}, {"model": "sessions.session", "pk": "eyv3njgelwfrmx4vn6w47u4l5a0tjjt6", "fields": {"session_data": ".eJyrVkpKTFeyqlYyBBGZJam5xfHlmSUZ8cWZVakgodzUlMzS3HgjUz0DAyUrw9paHSVzNKVp-UXFmRUgQSDL0CjeyACmtrYWAArAH78:1ltw24:5pnsJS0bfl-0A01I29qra6UlMqN2wRme-osYGVToZdM", "expire_date": "2021-07-01T17:42:24.221Z"}}, {"model": "sessions.session", "pk": "fg8qnbz310sd3euvu4h57abfln4kqaw8", "fields": {"session_data": "eyJiYWciOnsiNiI6eyJpdGVtc193aXRoX2ZvcnNpeCI6eyJmb3IxMl81LjAwIjoyfX19fQ:1ltafc:W74MngW6a-H-ieoaZnPqZShpSavmUpV_e36pquPwcAU", "expire_date": "2021-06-30T18:53:48.655Z"}}, {"model": "sessions.session", "pk": "hnh6j80p3qrixj6yvkk0enhunslx9wv2", "fields": {"session_data": "eyJiYWciOnsiMiI6Mn19:1ltaAG:T2Ja3bVG6s2IPR8SH3xpNuw0J_SfJRfx7RWhzGDtwoU", "expire_date": "2021-06-30T18:21:24.661Z"}}, {"model": "sessions.session", "pk": "ihg5sh6k6c8ng3a7damednmw5d29usoc", "fields": {"session_data": ".eJyrVkpKTFeyqlYyBBGZJam5xfHlmSUZ8cWZVakgoeLcxJyceCUrk9paHSVTHIpyEovSU4GKjHSgTCMDAz0DAyUrQ5AuIxy6clNTMktz402gSmF6zeB8iN1GpjCjamsB14M3_Q:1lsqdA:5SIF1bgbE2y3m6dzl9yOMmdm9XcHTc4jZcCAj0-tO6Y", "expire_date": "2021-06-28T17:44:12.756Z"}}, {"model": "sessions.session", "pk": "j7xl4owf4912tkvyl5mevwsyn5bza28x", "fields": {"session_data": "eyJiYWciOnsiMSI6MX19:1ltZka:yBqeNe433IRS4JHoM8uIaCDWbBFYrlrs_q_MNr08RPc", "expire_date": "2021-06-30T17:54:52.617Z"}}, {"model": "sessions.session", "pk": "jcf4lua1z16j5ky5tbcyvdclrmarfms5", "fields": {"session_data": "eyJiYWciOnsiMSI6NCwiNyI6eyJpdGVtc193aXRoX2ZvcnNpeCI6eyJmb3IxMl8yMC4wMCI6MX19fX0:1ltb3O:E0Om_ozuhIpg7l3ZSYMYg5XeTYArvcIWRq4VD6q-zyg", "expire_date": "2021-06-30T19:18:22.111Z"}}, {"model": "sessions.session", "pk": "nlfjd8asedwmay72tyiy55ms7q0ldgcu", "fields": {"session_data": ".eJyrVkpKTFeyqlYyBxGZJam5xfHlmSUZ8Wn5RcWZFSBBIMtMycpIB8QwNFKyMgazjExqlawMoUwYyyze0EjPwACourZWR8kYzcjizKpUkFBxbmJODlBLLRAAAAKlKEc:1lsakw:b72uHkqN5sv4OrkbW9e3HUESkL1b8Fkjmawj9mpaMNQ", "expire_date": "2021-06-28T00:47:10.799Z"}}, {"model": "sessions.session", "pk": "oc1dai6by1ml0r7jagawjxomtibqsdw4", "fields": {"session_data": ".eJxVjMsOwiAURP-FtSEQHqVduvcbCHDvtagBU9qkxvjvtkkXupnFzJnzZj4s8-iXhpPPwAYm2em3iyHdsewD3EK5Vp5qmacc-Y7wY238UgEf54P9E4yhjdsbXUrSkCQgY6QWYHsdhHbGQtBWUdeRisKpLYyAEJUkF5EcWdtjQrFLG7aWa_G4PvP0YoP4fAGWkD90:1m3KWv:UzTkJ1DX1xMV4-8-eGpPaFGoTh07DOWQzHat-v-HC3A", "expire_date": "2021-07-27T15:41:05.911Z"}}, {"model": "sessions.session", "pk": "oeqhpzyz85fkhg0z44tew1caxf0zgndn", "fields": {"session_data": ".eJxVjMsOwiAURP-FtSEQHqVduvcbCHDvtagBU9qkxvjvtkkXupnFzJnzZj4s8-iXhpPPwAYm2em3iyHdsewD3EK5Vp5qmacc-Y7wY238UgEf54P9E4yhjdsbXUrSkCQgY6QWYHsdhHbGQtBWUdeRisKpLYyAEJUkF5EcWdtjQrFLG7aWa_G4PvP0YoP4fAGWkD90:1m33yE:xVfPVznUaJp-iQCB0K22cm1R9VFU1J4gwo7lhZDLzRg", "expire_date": "2021-07-26T22:00:10.838Z"}}, {"model": "sessions.session", "pk": "pz4az9qpvpuxtkmui0g8r7kzws34q5ad", "fields": {"session_data": ".eJyNjsuOwjAMRf8laxTlTdol-_mGKA-bBmgrNa1mNKj_TiJYwKxmY_leH1_7ToI_k_5OeCt5hbG477wOruRfaNYIKW-jE5oyRnq-7wfS_UFxXkr-aWbtuHCCPdlD08bxdymUk08tWpT879XKOr9VYiuwuJxIXz_-8IKPV5jaIF38dJ5pnKd1yYE2hL6mhX7NCW6nF_sRMPgy1G2wMXKNHBNqzRVLplOeKatN8spIPB5RBmZlLZolHyRHGwAtGtNBBEb2B9zjbNA:1luah4:rpxO2f6c1Nv1JtbrLGWDpW8mO2Wxj_wqPauMxcbtIto", "expire_date": "2021-07-03T13:07:26.482Z"}}, {"model": "sessions.session", "pk": "q13nlrpny4qchjew1z941utspatcgn8n", "fields": {"session_data": ".eJx1jFEKgDAMQ-_S7yHbnAq7TFGcWnAITlGU3V3LBEHwJzTJa05o6h7sCYqFFucDbrQMGOhwHAVfjyOqIpMSrIpRgP4hvWtp9Wjki1YftJvmQDuH91UiKp1YwV4bzNOvFql_asNTJdg8xguJBjZC:1lssMF:nqyMHbnPXAcsIDoOFN1xzmBLLLb5_tPTK65g1O7_p1s", "expire_date": "2021-06-28T19:34:51.168Z"}}, {"model": "sessions.session", "pk": "reqoy59zz3ci367gkumzm59eq38y5z84", "fields": {"session_data": "eyJiYWciOnsiNyI6eyJpdGVtc193aXRoX2ZvcnNpeCI6eyJmb3I2XzEyLjAwIjoxfX19fQ:1lsnvG:kea6C6K5F7wFXpN9Rd4cuM-4Ye74tvgRQeHafz6qvXk", "expire_date": "2021-06-28T14:50:42.048Z"}}, {"model": "sessions.session", "pk": "t6nw2c5z4qm6ifjb1rmui8pr7m83fdlu", "fields": {"session_data": ".eJxVjEEOwiAURO_CuiG00FK6dO8ZyIf_tagBA9RojHe3TbrQZFYzb96bWVjqbJdC2QZkE5Os-e0c-CvFbcALxHPiPsWag-Mbwve18GNCuh129k8wQ5nXt9EOtepBSeV6Gjsyg5OixU44lEaBxxaNh370Gs0aUhI612ppzCBRDJu0UCkhRUvPe8gvNomGFXiQDfGU2FTzQp8v5xNFEQ:1ly1Xi:gHQT_8xxsoEwpuQq3BP5jAwCpy4f5d2Nn3Zr-KSYUR0", "expire_date": "2021-07-13T00:23:58.407Z"}}, {"model": "sessions.session", "pk": "toc0c6sspgkvqtbpl7amuog1hs2mubaz", "fields": {"session_data": "eyJiYWciOnsiMSI6eyJpdGVtc193aXRoX3NpemUiOnsibWVkaXVtXzI1LjAwIjoyfX19fQ:1luIqb:nTRId8k_I7M3Y95ZL9hl4rr53A85EcGR5y-Czkae1Jc", "expire_date": "2021-07-02T18:04:05.499Z"}}, {"model": "sessions.session", "pk": "uenuskkh9xk97lyg3nck5eig4iinyxyt", "fields": {"session_data": "eyJiYWciOnsiMSI6Mn19:1ltYJN:qevszDua7yIDjjF_XTwLcB6IQqIeCPfhCVC1lm2VLyc", "expire_date": "2021-06-30T16:22:41.019Z"}}, {"model": "sessions.session", "pk": "uh511eme5qgpr5jea6wwsdjw7w0k3435", "fields": {"session_data": ".eJxVTbuOwjAQ_JetkbUmsTEp6fkGa23vJj4gkeIEJCL-_RyJ4m6KKea5gad1GfxaePY5QQcaDn-1QPHG426kHxr7ScVpXOYc1B5RX7eo65T4fvlm_w0MVIbaZhejNqIliTG6xWTPLWHrjE3U2kZOJ2kCuqaSwUSh0eICixNrzxwZ62ihJ_s8ygTdMq98gEA9dBuYnfLCj-Jfud6W_OZdutPcsz8iKkTo9KfiF-PvTtg:1lwtpn:oSVymPjOzlVcvoOoMI2rFOPV_lT46cPOGwilTbn3SKg", "expire_date": "2021-07-09T21:57:59.820Z"}}, {"model": "sessions.session", "pk": "ux6qye3bbhg5h91mgkvucx0d28wnbvt1", "fields": {"session_data": "eyJiYWciOnsiMSI6MX19:1ltXPm:G3KfWbsp7cldeBgEHPd-5qW0M3cUp-ab_jWR_mZ9fmU", "expire_date": "2021-06-30T15:25:14.789Z"}}, {"model": "sessions.session", "pk": "wj4hpmwualsam27crdtqcfy4q20jeepg", "fields": {"session_data": ".eJxVjMsOwiAURP-FtSEQHqVduvcbCHDvtagBU9qkxvjvtkkXupnFzJnzZj4s8-iXhpPPwAYm2em3iyHdsewD3EK5Vp5qmacc-Y7wY238UgEf54P9E4yhjdsbXUrSkCQgY6QWYHsdhHbGQtBWUdeRisKpLYyAEJUkF5EcWdtjQrFLG7aWa_G4PvP0YoP4fAGWkD90:1m05EF:srlhcatQvQakgDZOXCDujbioHJsb5NHkRr_lzJdy8oE", "expire_date": "2021-07-18T16:44:23.059Z"}}, {"model": "sessions.session", "pk": "x9inpfoqdczjync7pyay5vdos5wrf6ef", "fields": {"session_data": ".eJxdjktuxCAMQO_COkL8w2TZfc-ADJiENh8pJGrVUe4-ZGZatfXCsp_tB1fiYN8GtxdcXY6kI5w0v5mH8I7zOYhvMPcLDcu8rdnTc4U-p4W-LhHHl-fuH8EAZajXaEPgOvEUk9ZcsWguCpiy2kRQRqa2TdIzK2vSLIKXPFmPySZjLhiQVamHnnTX-sGa8oZTcR-5vlLyF56oTDCOjmvKGOlEQyaMeZ-c-AEjrD06ze69PI6G2Dtv_wnTspb8ecJaGcfFt6C2Qjn5EIijxg1mBGRu:1ltut5:WFQs6zfgybIUJsxH68Lf_EO_gIgdrTN4j2eiUPZMxoI", "expire_date": "2021-07-01T16:29:03.858Z"}}, {"model": "sessions.session", "pk": "xhygzi7tlbnktxnl11hbotthgiydv2jq", "fields": {"session_data": "eyJiYWciOnsiMSI6MSwiMiI6M319:1ltZhC:-p8O_Mi41mCbPkxHm-u9ZSCaCb5j22I7fxxtZ_F9JGw", "expire_date": "2021-06-30T17:51:22.185Z"}}, {"model": "sessions.session", "pk": "xtn1bzcvkzo1qpf9jg59r3hjw11mnj50", "fields": {"session_data": ".eJxVjMsOgyAURP-FtTEQHlKX3fcbyAXuVdoGGtGkjfHfq4mLdjOLmTNnZQ6WeXRLxcmlyHomWPPbeQgPzMcQ75CH0oaS5yn59kDac63trUR8Xk_2TzBCHfc32hCEJkGRtBaKR3NRwJXVJoIykrqOpOdW7qF5BC8FWY9kyZgLBuSHtGKtqWSH71eaPqznDfMwsH7dti_cZUJA:1lyHS8:XbgVfGiqL9YJ_h5lRueh4Q22qbXVkQPhY-02O5wp_mQ", "expire_date": "2021-07-13T17:23:16.600Z"}}, {"model": "sessions.session", "pk": "xz8qs1rnqm14b14xymcqfi7yawu4pq01", "fields": {"session_data": ".eJxVTUkKgzAUvctfS0jMYJpl9z1DyPQ1HRSM0oJ490Zw0W4ejzduYN26DHYtabY5ggEGza_mXXik8TDi3Y39RMI0LnP25IiQ0y3kNsX0vJ7Zv4HBlaG2kw6BSWQYUUomaFQX4ajQUkUnFMeuQ-6p5hUkjc5zhton1KjUJYVE66h3PZgNugPykl7FvnN9wWku-XOIlbHWtpRQCobvewMtGNGABtPu-xd6VUsr:1ltbqh:xi5KyWd89-V__AegvJ7_DxQETXBmE6B_C_W3USl9NdA", "expire_date": "2021-06-30T20:09:19.568Z"}}, {"model": "sessions.session", "pk": "y6ko56k6990u31z1kgz5sxmnj6uvrbuz", "fields": {"session_data": ".eJxVjDsOwjAQBa-CXCPLJis7pISaM1i7682HgCPlI4ood8eR0qSdeW9WRdioat2uKuAyt2GZZAxdVJUCdWKE3EvaRXxjagbNQ5rHjvQ-0Yed9GuI8nkc21OgxanNbw81Q-E41qV3BRkLJbG5WUTrjThgw_cMJUJhgGuh6IWN9WTBOiTK0SS_kPArufbAkXDsMF2e2Iva_r_7RCY:1lygkq:byVT9dMgIP_kVmfVuMNMnP7LtAtWTjyYa4OKk93PXKA", "expire_date": "2021-07-14T20:24:16.790Z"}}, {"model": "sessions.session", "pk": "yda7ci7u13371isq2fg2erhf0esi28ad", "fields": {"session_data": "eyJiYWciOnsiMSI6eyJpdGVtc193aXRoX3NpemUiOnsic21hbGxfMTUuMDAiOjF9fX19:1ltxNy:AC7sAEZegKrlRqJm35XLQR5OGFrh1LSu5A9eiXPzDbM", "expire_date": "2021-07-01T19:09:06.896Z"}}, {"model": "sessions.session", "pk": "yq1v42294hlc46mmxurj9x4d1hazxqak", "fields": {"session_data": "eyJiYWciOnsiNyI6eyJpdGVtc193aXRoX2ZvcnNpeCI6eyJmb3IxMl8yMC4wMCI6Mn19fX0:1ltxXA:UAWgSEz_niCskkwWEWBxnTpZyhEpcudOImD9JBHo4i4", "expire_date": "2021-07-01T19:18:36.700Z"}}, {"model": "sessions.session", "pk": "yypmu34dsb3fyqb5yjkr6a38wjw3bc0k", "fields": {"session_data": ".eJxVjMsOwiAURP-FtSEQHqVduvcbCHDvtagBU9qkxvjvtkkXupnFzJnzZj4s8-iXhpPPwAYm2em3iyHdsewD3EK5Vp5qmacc-Y7wY238UgEf54P9E4yhjdsbXUrSkCQgY6QWYHsdhHbGQtBWUdeRisKpLYyAEJUkF5EcWdtjQrFLG7aWa_G4PvP0YoP4fAGWkD90:1lzJRQ:YBjLhVCro3L7v4E29sdZXBI8dAvCagjgL8YPk04KLFE", "expire_date": "2021-07-16T13:42:48.848Z"}}, {"model": "sessions.session", "pk": "zimcipcjg7dmklq9bv0a9xcy5f9ws777", "fields": {"session_data": ".eJyrVkpKTFeyqlYyAxGZJam5xfHlmSUZ8Wn5RcWZFSBBIMvQKN5Uz8BAycqktlZHyQRNaXFmVSpIqDg3MScn3sgArNKoFggAxhIfKw:1lsspp:CLIFoFsiCv5fBs78eQGOeae8HPlFOgXRnKEjMJGyFj8", "expire_date": "2021-06-28T20:05:25.001Z"}}, {"model": "sessions.session", "pk": "zu9ix27j860077o3f36c5o12s90udb0l", "fields": {"session_data": "eyJiYWciOnsiMSI6Mn19:1lta9C:bGr5ynkJT1mekXCTWcjneFfvQBa8IMpTxUNVU7EjGYw", "expire_date": "2021-06-30T18:20:18.924Z"}}, {"model": "sites.site", "pk": 1, "fields": {"domain": "silverdollar.example.com", "name": "Silver Dollar"}}, {"model": "account.emailaddress", "pk": 1, "fields": {"user": 1, "email": "zink@zink.com", "verified": true, "primary": true}}, {"model": "account.emailaddress", "pk": 2, "fields": {"user": 2, "email": "test@test.com", "verified": true, "primary": true}}, {"model": "account.emailaddress", "pk": 3, "fields": {"user": 3, "email": "test1@test.com", "verified": true, "primary": true}}, {"model": "products.category", "pk": 1, "fields": {"name": "cakes", "friendly_name": "Cakes"}}, {"model": "products.category", "pk": 2, "fields": {"name": "cheese_cakes", "friendly_name": "Cheese Cakes"}}, {"model": "products.category", "pk": 3, "fields": {"name": "desserts", "friendly_name": "Desserts"}}, {"model": "products.category", "pk": 4, "fields": {"name": "occasion_cakes", "friendly_name": "Occasion Cakes"}}, {"model": "products.category", "pk": 6, "fields": {"name": "cookies", "friendly_name": "Cookies"}}, {"model": "products.category", "pk": 7, "fields": {"name": "donuts", "friendly_name": "Donuts"}}, {"model": "products.category", "pk": 8, "fields": {"name": "creamy_treats", "friendly_name": "Creamy Treats"}}, {"model": "products.category", "pk": 9, "fields": {"name": "muffins", "friendly_name": "Muffins"}}, {"model": "products.category", "pk": 10, "fields": {"name": "breakfast_box", "friendly_name": "Breakfast Box"}}, {"model": "products.category", "pk": 11, "fields": {"name": "creamcake_box", "friendly_name": "Cream Cake Box"}}, {"model": "products.category", "pk": 12, "fields": {"name": "vegan", "friendly_name": "Vegan"}}, {"model": "products.category", "pk": 14, "fields": {"name": "office_box", "friendly_name": "Office Box"}}, {"model": "products.product", "pk": 1, "fields": {"category": 1, "name": "Chocolate Berry Cake", "description": "A creamy chocolate cake laden with mixed fresh berrys, in cluding raspberries, strawberries and blueberries.", "web_price": "25.00", "is_for_six": false, "is_sizes": true, "rating": 4, "allergens": "g", "is_vegan": false, "image_url": "", "image": "berry-choc-cake2.jpg"}}, {"model": "products.product", "pk": 2, "fields": {"category": 4, "name": "Pink Birthday Cake", "description": "A delightful colourful fancy cake for a special Birthday centerpiece.", "web_price": "25.00", "is_for_six": false, "is_sizes": true, "rating": 5, "allergens": "", "is_vegan": false, "image_url": "", "image": "pink-birth-cake.jpg"}}, {"model": "products.product", "pk": 3, "fields": {"category": 2, "name": "Berry Cheesecake", "description": "A creamy tangy cheesecake full of fresh mixed berries.", "web_price": "25.00", "is_for_six": false, "is_sizes": true, "rating": 4, "allergens": "g", "is_vegan": false, "image_url": "", "image": "berry-cheese-cake2.jpg"}}, {"model": "products.product", "pk": 4, "fields": {"category": 6, "name": "Cookie Selection", "description": "A selection of delicious mixed cookies.", "web_price": "20.00", "is_for_six": false, "is_sizes": true, "rating": 4, "allergens": "Mixed", "is_vegan": false, "image_url": "", "image": "cookie-selection-2.jpg"}}, {"model": "products.product", "pk": 5, "fields": {"category": 4, "name": "Elegant Wedding Cake", "description": "A elegantly sculpted wedding cake.", "web_price": "150.00", "is_for_six": false, "is_sizes": true, "rating": 5, "allergens": "Fruit", "is_vegan": false, "image_url": "", "image": "elegant-wedding-cake1.jpg"}}, {"model": "products.product", "pk": 6, "fields": {"category": 6, "name": "Chocolate Chip Cookies", "description": "Chocolate chip cookies", "web_price": "3.00", "is_for_six": true, "is_sizes": false, "rating": 4, "allergens": "g", "is_vegan": false, "image_url": "", "image": "choc-chip-cookies3.jpg"}}, {"model": "products.product", "pk": 7, "fields": {"category": 8, "name": "Chocolate Eclair", "description": "Chocolate covered cream filled eclairs.", "web_price": "10.00", "is_for_six": true, "is_sizes": false, "rating": 5, "allergens": "Chocolate", "is_vegan": false, "image_url": "", "image": "choc-eclairs3.jpg"}}, {"model": "products.product", "pk": 8, "fields": {"category": 4, "name": "Christmas Cake", "description": "Beautifully decorated Christmas Cake. Limited edition.", "web_price": "200.00", "is_for_six": false, "is_sizes": false, "rating": 5, "allergens": "Mixed", "is_vegan": false, "image_url": "", "image": "xmas-cake4.jpg"}}, {"model": "products.product", "pk": 12, "fields": {"category": 2, "name": "Fresh Fruit Cheesecake", "description": "Delicious creamy desert made with today's fresh fruit.", "web_price": "30.00", "is_for_six": false, "is_sizes": true, "rating": 5, "allergens": "Fruit", "is_vegan": false, "image_url": "", "image": "fresh-fruit-cheesecake.webp"}}, {"model": "products.size", "pk": 7, "fields": {"name": "Berry Cheesecake", "product": 3, "small": "15.00", "medium": "25.00", "large": "50.00"}}, {"model": "products.size", "pk": 8, "fields": {"name": "Chocolate Berry Cake", "product": 1, "small": "15.00", "medium": "25.00", "large": "50.00"}}, {"model": "products.size", "pk": 9, "fields": {"name": "Cookie Selection", "product": 4, "small": "15.00", "medium": "25.00", "large": "50.00"}}, {"model": "products.size", "pk": 10, "fields": {"name": "Elegant Wedding Cake", "product": 5, "small": "100.00", "medium": "150.00", "large": "200.00"}}, {"model": "products.size", "pk": 12, "fields": {"name": "Pink Birthday Cake", "product": 2, "small": "15.00", "medium": "25.00", "large": "50.00"}}, {"model": "products.size", "pk": 14, "fields": {"name": "Fresh Fruit Cheesecake", "product": 12, "small": "20.00", "medium": "35.00", "large": "55.00"}}, {"model": "products.forsix", "pk": 4, "fields": {"name": "Chocolate Chip Cookies", "product": 6, "for6": "5.00", "for12": "10.00", "for24": "20.00"}}, {"model": "products.forsix", "pk": 5, "fields": {"name": "Chocolate Eclair", "product": 7, "for6": "10.00", "for12": "16.00", "for24": "20.00"}}, {"model": "products.review", "pk": 6, "fields": {"name": "dave", "user_profile": 1, "product": 3, "review": "it works", "rating": 5, "date_posted": "2021-07-09T23:15:46.717Z"}}, {"model": "products.review", "pk": 10, "fields": {"name": "Anne", "user_profile": 1, "product": 3, "review": "My favourite.", "rating": 5, "date_posted": "2021-07-09T23:15:46.717Z"}}, {"model": "products.review", "pk": 11, "fields": {"name": "May", "user_profile": 1, "product": 3, "review": "Nice", "rating": 1, "date_posted": "2021-07-09T23:18:49.110Z"}}, {"model": "profiles.userprofile", "pk": 1, "fields": {"user": 1, "primary_full_name": null, "primary_phone_number": null, "primary_street_address1": null, "primary_street_address2": null, "primary_town_or_city": null, "primary_postcode": null, "primary_county": null, "primary_country": null}}, {"model": "profiles.userprofile", "pk": 2, "fields": {"user": 2, "primary_full_name": null, "primary_phone_number": null, "primary_street_address1": null, "primary_street_address2": null, "primary_town_or_city": null, "primary_postcode": null, "primary_county": null, "primary_country": null}}, {"model": "profiles.userprofile", "pk": 3, "fields": {"user": 3, "primary_full_name": "Jonny Bob", "primary_phone_number": "777777666666555", "primary_street_address1": "testing email9999999999999", "primary_street_address2": "testing email9999999999999", "primary_town_or_city": "crazy town", "primary_postcode": "", "primary_county": "", "primary_country": "FR"}}, {"model": "profiles.userprofile", "pk": 4, "fields": {"user": 4, "primary_full_name": null, "primary_phone_number": null, "primary_street_address1": null, "primary_street_address2": null, "primary_town_or_city": null, "primary_postcode": null, "primary_county": null, "primary_country": null}}, {"model": "recipe.recipe", "pk": 1, "fields": {"title": "bun", "description": "a bun", "image": "", "is_vegan": false, "ingredients": "milk\r\nflour\r\ngravy", "preparation": "mix it all up", "date_posted": "2021-07-05T22:01:37.649Z"}}, {"model": "recipe.comment", "pk": 1, "fields": {"user_profile": 1, "name": "Justine", "is_shop": true, "comment": "big buns", "date_posted": "2021-07-06T20:27:52.391Z"}}, {"model": "recipe.comment", "pk": 2, "fields": {"user_profile": 3, "name": "Julie", "is_shop": false, "comment": "Is Tiramisu difficult to make?", "date_posted": "2021-07-07T17:45:26.215Z"}}, {"model": "recipe.comment", "pk": 3, "fields": {"user_profile": 1, "name": "Justine", "is_shop": true, "comment": "No it quite easy.  In fact we will be putting upp a recipe for it next month.", "date_posted": "2021-07-07T17:57:39.610Z"}}]